blockedShots,blockedShotsPer60,emptyNetAssists,emptyNetGoals,emptyNetPoints,firstGoals,gamesPlayed,giveaways,giveawaysPer60,hits,hitsPer60,lastName,missedShotCrossbar,missedShotGoalpost,missedShotOverNet,missedShotShort,missedShotWideOfNet,missedShots,otGoals,playerId,positionCode,seasonId,shootsCatches,shotAttemptsBlocked,skaterFullName,takeaways,takeawaysPer60,teamAbbrevs,timeOnIcePerGame
15,1.07,0.0,1,1.0,0,46,50,3.58,36,2.58,Necas,2,2,4,2,52,62,0,8480039,C,20242025,R,52,Martin Necas,15,1.07,CAR,1090.71
76,4.0,0.0,1,1.0,0,45,55,2.89,15,0.79,Heiskanen,2,4,4,4,38,52,0,8480036,D,20242025,L,112,Miro Heiskanen,26,1.37,DAL,1518.13
66,4.07,1.0,0,1.0,0,48,42,2.59,22,1.35,Grzelcyk,1,4,1,1,31,38,0,8476891,D,20242025,L,57,Matt Grzelcyk,16,0.98,PIT,1213.87
7,2.84,0.0,0,0.0,0,12,11,4.47,24,9.76,Tucker,0,2,0,0,3,5,0,8481006,D,20242025,L,12,Tyler Tucker,5,2.03,STL,737.16
0,0.0, ,0, ,0,1,0,0.0,0,0.0,Sebrango,0,0,0,0,0,0,0,8482131,D,20242025,L,2,Donovan Sebrango,0,0.0,OTT,698.0
23,2.74,1.0,0,1.0,1,45,23,2.74,77,9.17,Carrick,0,3,1,0,16,20,1,8475842,C,20242025,R,24,Sam Carrick,10,1.19,NYR,671.13
0,0.0, ,0, ,0,4,2,4.08,6,12.25,Hryckowian,0,0,0,0,1,1,0,8484829,C,20242025,L,0,Justin Hryckowian,0,0.0,DAL,440.5
13,1.38,0.0,0,0.0,3,39,18,1.91,65,6.92,McMann,0,0,0,1,30,31,0,8482259,C,20242025,L,23,Bobby McMann,14,1.49,TOR,866.17
3,3.45, ,0, ,1,6,0,0.0,2,2.3,Laczynski,0,0,0,0,2,2,0,8479550,C,20242025,R,1,Tanner Laczynski,0,0.0,VGK,520.83
44,3.99,0.0,0,0.0,0,39,21,1.9,31,2.81,Thrun,0,0,0,0,16,16,0,8481567,D,20242025,L,28,Henry Thrun,9,0.81,SJS,1017.17
10,2.99,0.0,0,0.0,1,15,10,2.99,23,6.88,Johnson,0,0,0,0,5,5,0,8473446,D,20242025,R,7,Erik Johnson,6,1.79,PHI,802.06
1,2.83, ,0, ,0,2,4,11.35,6,17.03,Malatesta,0,0,0,0,1,1,0,8482744,L,20242025,L,0,James Malatesta,1,2.83,CBJ,634.0
13,1.53,0.0,0,0.0,0,44,28,3.31,33,3.9,Holtz,1,5,0,3,23,32,0,8482125,R,20242025,R,20,Alexander Holtz,3,0.35,VGK,691.22
52,3.65,1.0,1,2.0,2,41,45,3.16,30,2.1,Chychrun,1,4,4,4,55,68,1,8479345,D,20242025,L,89,Jakob Chychrun,18,1.26,WSH,1249.48
6,1.56,0.0,0,0.0,0,23,3,0.78,57,14.82,Lazar,0,0,2,0,4,6,0,8477508,C,20242025,R,6,Curtis Lazar,2,0.52,NJD,601.73
15,2.02,0.0,0,0.0,0,34,21,2.83,79,10.67,Smith,0,0,1,0,11,13,0,8482062,R,20242025,L,23,Cole Smith,7,0.94,NSH,783.23
4,3.63,0.0,0,0.0,0,5,3,2.72,0,0.0,Del Bel Belluz,0,0,0,0,4,4,0,8483432,C,20242025,L,2,Luca Del Bel Belluz,1,0.9,CBJ,791.4
28,2.68,0.0,1,1.0,3,38,24,2.3,10,0.95,Holmstrom,0,1,4,1,36,42,0,8481601,R,20242025,L,23,Simon Holmstrom,5,0.47,NYI,987.13
3,1.03,0.0,0,0.0,0,18,11,3.78,32,11.02,Aube-Kubel,1,0,0,0,9,10,0,8477979,R,20242025,R,9,Nicolas Aube-Kubel,8,2.75,BUF,580.72
19,2.06,1.0,0,1.0,0,33,25,2.71,45,4.88,Fabbri,1,0,1,0,15,17,0,8477952,C,20242025,L,20,Robby Fabbri,12,1.3,ANA,1005.72
4,8.52, ,0, ,0,2,6,12.78,1,2.13,Hakanpää,0,0,0,0,0,0,0,8475825,D,20242025,R,3,Jani Hakanpää,0,0.0,TOR,845.0
45,4.12,1.0,1,2.0,0,45,38,3.48,17,1.55,Dvorak,2,3,1,1,21,28,0,8477989,C,20242025,L,25,Christian Dvorak,11,1.0,MTL,872.97
21,1.51,0.0,2,2.0,2,44,44,3.18,30,2.17,Buchnevich,0,8,0,0,34,42,0,8477402,L,20242025,L,44,Pavel Buchnevich,7,0.5,STL,1130.77
19,2.03,1.0,1,2.0,1,40,21,2.24,70,7.48,Kasper,0,1,0,0,21,22,0,8483464,C,20242025,L,21,Marco Kasper,7,0.74,DET,841.15
34,2.11,0.0,0,0.0,0,46,53,3.28,35,2.17,Granlund,2,3,5,1,36,47,0,8475798,C,20242025,L,56,Mikael Granlund,13,0.8,SJS,1260.89
7,1.18,0.0,0,0.0,1,30,19,3.22,13,2.2,Engvall,0,0,1,0,9,10,0,8478115,L,20242025,L,14,Pierre Engvall,4,0.67,NYI,706.3
41,2.83,3.0,1,4.0,3,46,46,3.17,135,9.31,Wilson,0,2,5,2,50,59,1,8476880,R,20242025,R,46,Tom Wilson,11,0.75,WSH,1133.6
27,1.89,1.0,1,2.0,0,44,37,2.6,28,1.96,Garland,0,2,2,4,41,49,1,8478856,R,20242025,R,41,Conor Garland,15,1.05,VAN,1163.65
4,3.77,0.0,0,0.0,0,8,5,4.72,4,3.77,Tynan,0,0,1,0,2,3,0,8476391,C,20242025,R,1,T.J. Tynan,0,0.0,COL,476.37
37,3.17,1.0,3,4.0,2,46,24,2.05,86,7.37,Howden,2,2,0,0,25,29,1,8479353,C,20242025,L,18,Brett Howden,17,1.45,VGK,912.67
21,2.11,1.0,1,2.0,1,36,42,4.22,71,7.14,Barbashev,3,2,1,2,26,34,1,8477964,C,20242025,L,23,Ivan Barbashev,12,1.2,VGK,993.66
5,2.74,0.0,0,0.0,0,8,3,1.64,2,1.09,Smith,0,1,0,0,4,5,0,8480883,D,20242025,L,7,Ty Smith,1,0.54,CAR,819.87
85,5.07,5.0,0,5.0,0,42,30,1.78,20,1.19,Gavrikov,0,0,5,0,22,27,0,8478882,D,20242025,L,55,Vladislav Gavrikov,14,0.83,LAK,1436.78
38,2.87,1.0,1,2.0,4,46,30,2.27,58,4.39,Hertl,0,3,7,1,41,52,0,8476881,C,20242025,L,35,Tomas Hertl,19,1.43,VGK,1033.89
18,1.38,0.0,0,0.0,4,47,30,2.3,27,2.07,Toffoli,2,4,4,2,28,41,0,8475726,C,20242025,R,56,Tyler Toffoli,13,1.0,SJS,994.78
58,5.21,0.0,0,0.0,1,40,34,3.05,29,2.6,Timmins,0,0,1,1,22,24,0,8479982,D,20242025,R,43,Conor Timmins,9,0.8,TOR,1000.65
17,1.56,0.0,1,1.0,1,44,20,1.84,262,24.13,Sherwood,0,1,2,1,37,41,0,8480748,L,20242025,R,36,Kiefer Sherwood,17,1.56,VAN,888.09
69,4.7,1.0,0,1.0,1,44,44,2.99,70,4.77,Evans,2,5,0,1,28,36,0,8482858,D,20242025,L,41,Ryker Evans,7,0.47,SEA,1200.43
22,1.85,1.0,3,4.0,4,42,46,3.88,24,2.02,Hintz,1,3,4,0,30,38,0,8478449,C,20242025,L,33,Roope Hintz,12,1.01,DAL,1014.21
27,2.71,0.0,0,0.0,2,45,31,3.11,98,9.85,Podkolzin,2,1,0,0,29,32,0,8481617,R,20242025,L,19,Vasily Podkolzin,12,1.2,EDM,795.93
18,2.26,0.0,0,0.0,1,39,11,1.38,42,5.28,Robertson,0,2,3,1,28,34,0,8481582,L,20242025,L,29,Nicholas Robertson,10,1.25,TOR,733.3
30,3.68,0.0,2,2.0,1,47,23,2.82,75,9.2,Barron,1,0,2,0,24,28,0,8480289,C,20242025,L,20,Morgan Barron,18,2.2,WPG,624.27
0,0.0, ,0, ,0,3,0,0.0,4,6.88,McGroarty,0,0,0,0,0,0,0,8483487,R,20242025,L,1,Rutger McGroarty,1,1.72,PIT,697.0
6,0.62,0.0,0,0.0,1,40,35,3.66,9,0.94,Smith,2,0,4,0,25,31,0,8484227,C,20242025,R,44,Will Smith,6,0.62,SJS,858.65
28,2.58,0.0,2,2.0,0,45,26,2.39,6,0.55,Copp,0,0,1,1,19,22,0,8477429,C,20242025,L,15,Andrew Copp,16,1.47,DET,867.93
16,2.53,0.0,2,2.0,2,32,22,3.48,34,5.38,Lizotte,0,0,0,0,14,14,0,8481481,C,20242025,L,11,Blake Lizotte,6,0.94,PIT,710.65
30,4.7,0.0,0,0.0,1,28,31,4.86,5,0.78,Cholowski,2,0,0,0,7,9,0,8479395,D,20242025,L,23,Dennis Cholowski,6,0.94,NYI,819.78
36,2.69,0.0,0,0.0,2,41,33,2.46,39,2.91,Rust,2,5,2,3,40,52,2,8475810,R,20242025,R,24,Bryan Rust,11,0.82,PIT,1174.43
10,6.57, ,0, ,0,7,4,2.62,9,5.91,Benning,0,0,0,0,2,2,0,8476988,D,20242025,R,6,Matthew Benning,1,0.65,SJS,782.42
20,2.19,0.0,2,2.0,0,37,21,2.3,35,3.84,Appleton,0,0,1,1,16,18,0,8478891,C,20242025,R,20,Mason Appleton,9,0.98,WPG,885.62
27,2.66,0.0,0,0.0,4,40,45,4.44,46,4.54,Hartman,0,0,2,3,32,37,0,8477451,R,20242025,R,43,Ryan Hartman,10,0.98,MIN,910.57
5,3.38, ,0, ,0,4,8,5.41,0,0.0,Leddy,0,0,0,1,1,2,0,8475181,D,20242025,L,5,Nick Leddy,2,1.35,STL,1329.25
6,2.01,0.0,0,0.0,0,15,22,7.37,13,4.35,Svechkov,0,0,0,1,12,14,0,8482768,C,20242025,L,12,Fedor Svechkov,2,0.67,NSH,716.4
35,3.69,0.0,1,1.0,0,45,21,2.21,104,10.98,Cizikas,0,2,2,0,24,28,0,8475231,C,20242025,L,16,Casey Cizikas,12,1.26,NYI,757.17
11,2.41,0.0,0,0.0,0,26,23,5.04,82,17.97,Kostin,0,0,0,1,8,9,0,8480011,C,20242025,L,10,Klim Kostin,2,0.43,SJS,631.65
21,2.11,0.0,0,0.0,0,31,19,1.91,54,5.43,Eriksson Ek,1,2,1,0,29,33,0,8478493,C,20242025,L,20,Joel Eriksson Ek,9,0.9,MIN,1154.7
17,1.29,0.0,0,0.0,5,45,35,2.66,17,1.29,DeBrincat,3,4,6,3,37,53,0,8479337,R,20242025,R,49,Alex DeBrincat,15,1.14,DET,1049.68
26,1.85,0.0,1,1.0,2,44,22,1.56,14,0.99,Nugent-Hopkins,2,3,1,1,34,41,1,8476454,C,20242025,L,35,Ryan Nugent-Hopkins,17,1.21,EDM,1147.02
111,6.08,0.0,0,0.0,2,45,64,3.5,18,0.98,Andersson,0,1,2,4,45,52,0,8478397,D,20242025,R,71,Rasmus Andersson,23,1.26,CGY,1459.15
110,5.88,2.0,1,3.0,1,46,63,3.36,69,3.69,Parayko,0,2,4,1,31,39,1,8476892,D,20242025,R,47,Colton Parayko,19,1.01,STL,1463.36
25,2.25,0.0,0,0.0,1,47,27,2.43,132,11.89,Frederic,0,2,1,0,27,30,0,8479365,C,20242025,L,43,Trent Frederic,7,0.63,BOS,850.04
3,2.23, ,0, ,0,6,2,1.49,7,5.22,Bjornfot,0,1,0,0,3,4,0,8481600,D,20242025,L,6,Tobias Bjornfot,0,0.0,FLA,803.83
21,1.94,0.0,1,1.0,1,48,25,2.31,163,15.08,Cotter,2,0,4,0,30,36,0,8481032,C,20242025,L,35,Paul Cotter,10,0.92,NJD,810.58
46,3.86,0.0,0,0.0,2,41,47,3.95,40,3.36,Spence,0,4,2,2,25,33,0,8481606,D,20242025,R,42,Jordan Spence,7,0.58,LAK,1044.36
31,2.53,0.0,0,0.0,2,44,26,2.12,12,0.98,Compher,1,1,1,0,18,21,0,8477456,L,20242025,R,19,J.T. Compher,11,0.89,DET,1001.59
52,2.93,0.0,0,0.0,1,45,52,2.93,50,2.82,Montour,4,5,2,5,63,79,0,8477986,D,20242025,R,94,Brandon Montour,15,0.84,SEA,1417.95
30,2.3,1.0,0,1.0,1,45,40,3.07,90,6.91,Cozens,1,2,4,1,29,37,0,8481528,C,20242025,R,45,Dylan Cozens,10,0.76,BUF,1040.73
1,3.18, ,0, ,0,2,0,0.0,11,35.04,Gatcomb,0,0,0,0,1,1,0,8483553,C,20242025,R,0,Marc Gatcomb,1,3.18,NYI,565.0
5,3.06,0.0,0,0.0,0,8,11,6.74,10,6.13,Hinostroza,0,1,1,1,9,12,0,8476994,C,20242025,R,8,Vinnie Hinostroza,0,0.0,NSH,734.0
4,1.38, ,0, ,0,11,12,4.15,3,1.03,Reilly,1,0,1,0,11,13,0,8476422,D,20242025,L,10,Mike Reilly,1,0.34,NYI,945.09
37,4.16,0.0,0,0.0,0,38,27,3.04,17,1.91,Stecher,0,0,0,0,11,11,0,8479442,D,20242025,R,31,Troy Stecher,2,0.22,EDM,841.18
9,0.97,0.0,0,0.0,0,32,32,3.45,1,0.1,Johnson,1,0,1,0,19,21,0,8482660,C,20242025,L,33,Kent Johnson,13,1.4,CBJ,1041.28
27,4.22,1.0,1,2.0,0,25,10,1.56,51,7.97,Danforth,0,2,0,0,9,11,0,8479941,R,20242025,R,7,Justin Danforth,3,0.46,CBJ,920.44
50,5.65,0.0,0,0.0,0,33,38,4.29,40,4.52,Stanley,0,0,0,1,16,18,0,8479378,D,20242025,L,30,Logan Stanley,6,0.67,WPG,965.03
14,3.11,1.0,0,1.0,0,17,14,3.11,0,0.0,Eberle,0,1,1,3,9,14,1,8474586,R,20242025,R,14,Jordan Eberle,7,1.55,SEA,950.52
39,4.35,0.0,0,0.0,0,27,30,3.35,19,2.12,Moser,0,1,1,0,13,15,0,8482655,D,20242025,L,34,J.J. Moser,14,1.56,TBL,1193.66
17,2.16,0.0,0,0.0,0,36,15,1.91,23,2.93,Jankowski,0,1,2,0,18,21,0,8476873,L,20242025,L,22,Mark Jankowski,3,0.38,NSH,783.55
0,0.0, ,0, ,0,1,2,14.14,3,21.21,Viel,0,0,0,0,0,0,0,8479705,L,20242025,L,0,Jeffrey Viel,0,0.0,BOS,509.0
18,2.28,0.0,0,0.0,1,40,22,2.79,18,2.28,Bourque,1,2,2,0,17,22,0,8482145,C,20242025,R,22,Mavrik Bourque,8,1.01,DAL,708.4
48,4.33,0.0,0,0.0,0,42,31,2.79,14,1.26,Brodie,0,0,0,0,19,19,0,8474673,D,20242025,L,24,TJ Brodie,7,0.63,CHI,949.14
1,5.78, ,0, ,0,2,0,0.0,1,5.78,Polin,0,0,0,0,0,0,0,8484255,R,20242025,R,3,Jason Polin,0,0.0,COL,311.0
56,5.15,0.0,0,0.0,0,34,40,3.67,39,3.58,Petry,1,1,0,2,15,20,0,8473507,D,20242025,R,41,Jeff Petry,10,0.91,DET,1151.0
39,2.86,0.0,1,1.0,0,47,36,2.64,82,6.01,Meier,4,4,3,3,72,87,0,8478414,R,20242025,L,78,Timo Meier,10,0.73,NJD,1043.95
30,3.32,0.0,0,0.0,0,31,29,3.21,29,3.21,Jokiharju,1,0,1,0,13,15,0,8480035,D,20242025,R,38,Henri Jokiharju,8,0.88,BUF,1046.41
1,1.27,0.0,0,0.0,0,5,2,2.55,2,2.55,Philp,0,0,0,0,1,1,0,8481491,C,20242025,R,2,Noah Philp,0,0.0,EDM,564.4
0,0.0, ,0, ,0,2,1,2.78,2,5.57,Foote,0,0,2,0,2,4,0,8481518,L,20242025,L,1,Nolan Foote,0,0.0,NJD,646.0
75,7.1,2.0,2,4.0,0,44,31,2.93,96,9.1,Tanev,0,3,1,1,31,36,0,8479293,L,20242025,L,11,Brandon Tanev,15,1.42,SEA,863.11
7,4.55, ,0, ,0,6,8,5.21,2,1.3,Coghlan,0,0,2,0,7,9,0,8479639,D,20242025,R,5,Dylan Coghlan,2,1.3,WPG,921.16
93,7.14,0.0,1,1.0,0,38,35,2.68,70,5.37,Murphy,0,1,1,0,16,18,0,8476473,D,20242025,R,36,Connor Murphy,11,0.84,CHI,1232.68
11,2.22,0.0,0,0.0,1,24,11,2.22,83,16.8,Joshua,0,0,1,1,7,9,0,8478057,C,20242025,L,9,Dakota Joshua,7,1.41,VAN,740.87
17,1.57,0.0,0,0.0,1,44,31,2.87,38,3.52,Tarasenko,0,5,3,2,25,35,0,8475765,R,20242025,L,53,Vladimir Tarasenko,9,0.83,DET,881.18
34,5.15, ,0, ,1,26,21,3.18,28,4.24,Barron,0,0,0,1,6,7,0,8482111,D,20242025,R,22,Justin Barron,4,0.6,MTL,913.38
9,1.2,1.0,1,2.0,2,30,28,3.74,8,1.06,Arvidsson,1,2,1,2,25,31,0,8478042,L,20242025,R,35,Viktor Arvidsson,6,0.8,EDM,897.73
22,2.92,0.0,0,0.0,0,35,16,2.12,31,4.12,Glass,0,1,0,1,19,22,0,8479996,C,20242025,R,26,Cody Glass,7,0.93,PIT,773.05
23,4.7,0.0,0,0.0,0,20,13,2.65,8,1.63,Vaakanainen,0,0,1,0,9,10,0,8480001,D,20242025,L,16,Urho Vaakanainen,2,0.4,ANA,880.8
64,5.32,0.0,0,0.0,0,43,33,2.74,120,9.99,Benoit,1,1,1,3,13,19,0,8481122,D,20242025,L,18,Simon Benoit,9,0.74,TOR,1005.3
39,5.99,0.0,1,1.0,0,20,17,2.61,26,3.99,Zub,0,0,1,0,9,10,0,8482245,D,20242025,R,26,Artem Zub,6,0.92,OTT,1171.8
100,5.96,1.0,0,1.0,0,45,56,3.34,57,3.4,Pulock,0,1,1,1,28,31,0,8477506,D,20242025,R,50,Ryan Pulock,20,1.19,NYI,1340.4
8,2.65,0.0,0,0.0,0,13,7,2.32,16,5.31,Mantha,0,0,0,0,13,13,0,8477511,R,20242025,L,7,Anthony Mantha,3,0.99,CGY,834.15
66,5.2,1.0,0,1.0,0,45,52,4.09,51,4.02,Lyubushkin,0,1,1,2,18,22,0,8480950,D,20242025,R,31,Ilya Lyubushkin,8,0.63,DAL,1014.82
29,2.31,1.0,2,3.0,1,39,37,2.95,59,4.71,Jarvis,1,6,5,3,47,62,0,8482093,C,20242025,R,39,Seth Jarvis,15,1.19,CAR,1156.05
44,6.12,0.0,0,0.0,0,25,27,3.75,31,4.31,Fleury,0,0,1,0,13,14,0,8477938,D,20242025,L,33,Haydn Fleury,2,0.27,WPG,1034.4
27,3.57,0.0,0,0.0,0,34,22,2.91,50,6.62,Mahura,1,0,1,0,12,14,0,8479372,D,20242025,L,27,Joshua Mahura,7,0.92,SEA,799.55
27,3.12,0.0,1,1.0,2,46,30,3.47,104,12.04,Kuraly,1,0,1,1,25,28,0,8476374,C,20242025,L,25,Sean Kuraly,6,0.69,CBJ,676.0
16,2.0,0.0,0,0.0,1,39,18,2.25,16,2.0,Reichel,0,0,0,0,16,16,0,8482117,L,20242025,L,14,Lukas Reichel,8,1.0,CHI,736.17
3,7.68, ,0, ,0,3,2,5.12,1,2.56,Boyd,0,0,0,0,1,1,0,8476329,C,20242025,R,2,Travis Boyd,0,0.0,MIN,468.33
73,4.52,0.0,0,0.0,0,45,54,3.34,66,4.09,Bahl,0,1,1,1,33,36,0,8480860,D,20242025,L,55,Kevin Bahl,14,0.86,CGY,1290.71
58,5.4,0.0,0,0.0,0,37,37,3.44,38,3.53,Hamonic,0,1,0,0,26,27,0,8474612,D,20242025,R,45,Travis Hamonic,13,1.21,OTT,1044.72
18,1.76,0.0,0,0.0,5,45,30,2.93,73,7.14,Brazeau,1,3,0,1,25,30,0,8479638,R,20242025,R,19,Justin Brazeau,9,0.88,BOS,817.62
32,3.15,0.0,0,0.0,0,43,35,3.45,90,8.87,Goodrow,0,2,0,1,18,21,0,8476624,C,20242025,L,16,Barclay Goodrow,21,2.07,SJS,848.74
14,1.63,0.0,0,0.0,1,41,24,2.8,21,2.45,Skinner,1,4,2,2,21,30,0,8475784,L,20242025,L,40,Jeff Skinner,9,1.05,EDM,751.04
25,2.12,2.0,1,3.0,2,45,35,2.97,63,5.36,Evans,0,2,2,0,26,31,0,8478133,C,20242025,R,26,Jake Evans,7,0.59,MTL,939.62
63,3.54,2.0,1,3.0,1,45,47,2.64,27,1.51,Fox,1,1,4,0,31,39,0,8479323,D,20242025,R,84,Adam Fox,28,1.57,NYR,1422.44
90,5.13,0.0,0,0.0,0,48,48,2.73,49,2.79,Ceci,0,1,0,0,15,16,0,8476879,D,20242025,R,47,Cody Ceci,15,0.85,SJS,1315.2
71,4.36,1.0,2,3.0,1,42,35,2.14,63,3.86,Anderson,0,0,1,0,24,25,0,8479998,D,20242025,L,62,Mikey Anderson,14,0.85,LAK,1395.78
37,2.79,3.0,1,4.0,3,46,34,2.56,40,3.02,Dubois,1,6,6,1,42,56,1,8479400,L,20242025,L,38,Pierre-Luc Dubois,5,0.37,WSH,1035.78
94,6.35,2.0,0,2.0,0,46,40,2.7,90,6.08,Fehervary,0,0,1,1,25,27,0,8480796,D,20242025,L,50,Martin Fehervary,4,0.27,WSH,1157.04
64,3.74,1.0,0,1.0,1,45,57,3.33,32,1.87,Ekholm,1,3,5,1,42,52,1,8475218,D,20242025,L,89,Mattias Ekholm,22,1.28,EDM,1366.35
43,3.83,0.0,0,0.0,1,33,54,4.82,27,2.41,Broberg,2,0,2,2,27,33,0,8481598,D,20242025,L,44,Philip Broberg,12,1.07,STL,1221.72
10,1.44,0.0,1,1.0,2,36,18,2.59,116,16.74,L'Heureux,1,2,3,0,29,35,0,8482742,L,20242025,L,15,Zachary L'Heureux,3,0.43,NSH,692.77
32,5.23,0.0,0,0.0,0,26,18,2.94,4,0.65,Bryson,0,1,0,1,5,7,0,8480196,D,20242025,L,14,Jacob Bryson,3,0.49,BUF,846.69
47,3.28,0.0,0,0.0,0,47,26,1.81,21,1.46,Wennberg,0,2,0,0,25,27,2,8477505,C,20242025,L,36,Alexander Wennberg,21,1.46,SJS,1096.1
21,2.71,0.0,0,0.0,1,36,17,2.19,63,8.13,Bjugstad,0,2,0,0,25,27,0,8475760,C,20242025,R,26,Nick Bjugstad,4,0.51,UTA,774.16
13,0.95,0.0,0,0.0,2,43,44,3.22,7,0.51,Keller,3,4,7,1,40,57,1,8479343,R,20242025,L,59,Clayton Keller,19,1.39,UTA,1142.41
7,0.83,0.0,1,1.0,1,39,18,2.15,15,1.79,Evangelista,0,2,5,0,14,21,0,8482146,R,20242025,R,20,Luke Evangelista,10,1.19,NSH,770.56
20,4.69,0.0,0,0.0,0,17,13,3.05,27,6.33,Korczak,0,0,0,0,2,2,0,8481527,D,20242025,R,16,Kaedan Korczak,4,0.93,VGK,901.94
4,5.26,0.0,0,0.0,1,4,3,3.94,9,11.83,Chibrikov,0,0,1,0,2,3,0,8482787,R,20242025,L,1,Nikita Chibrikov,1,1.31,WPG,684.25
12,1.67,0.0,0,0.0,0,31,16,2.22,21,2.92,Kulich,0,0,2,3,23,28,1,8483468,C,20242025,L,33,Jiri Kulich,9,1.25,BUF,833.48
43,4.07,1.0,0,1.0,0,42,41,3.88,102,9.67,Xhekaj,0,0,1,0,21,22,0,8482964,D,20242025,L,41,Arber Xhekaj,10,0.94,MTL,904.04
66,4.05,1.0,1,2.0,1,48,48,2.94,105,6.44,Ferraro,0,0,1,0,26,27,0,8479983,D,20242025,L,45,Mario Ferraro,28,1.71,SJS,1222.18
17,3.53,0.0,0,0.0,0,28,16,3.32,76,15.81,Dewar,0,0,1,0,8,10,0,8480980,C,20242025,L,15,Connor Dewar,3,0.62,TOR,617.78
9,1.8,0.0,0,0.0,0,24,9,1.8,13,2.61,Texier,0,1,0,0,12,13,0,8480074,C,20242025,L,14,Alexandre Texier,3,0.6,STL,746.95
33,2.14,0.0,1,1.0,1,46,55,3.57,62,4.03,Orlov,4,2,2,8,34,50,0,8475200,D,20242025,L,66,Dmitry Orlov,14,0.91,CAR,1202.36
71,4.75,1.0,0,1.0,1,43,57,3.81,27,1.8,Severson,0,3,3,0,25,31,0,8476923,D,20242025,R,44,Damon Severson,21,1.4,CBJ,1249.95
19,1.71,0.0,0,0.0,0,46,57,5.14,43,3.88,Gauthier,0,7,1,4,59,71,1,8483445,L,20242025,L,55,Cutter Gauthier,11,0.99,ANA,866.5
12,1.84,0.0,0,0.0,0,31,13,1.99,27,4.14,Tomasino,0,2,0,0,15,17,0,8481577,R,20242025,R,15,Philip Tomasino,6,0.92,NSH,756.58
3,3.06,0.0,0,0.0,0,6,5,5.11,14,14.31,Nesterenko,0,0,1,0,1,2,0,8481754,C,20242025,L,3,Nikita Nesterenko,0,0.0,ANA,586.83
26,2.86,0.0,2,2.0,1,35,23,2.53,58,6.38,Gourde,0,2,1,0,23,26,0,8476826,C,20242025,L,19,Yanni Gourde,11,1.21,SEA,934.05
36,2.6,0.0,0,0.0,1,44,60,4.34,54,3.9,Kesselring,0,4,2,2,36,44,1,8480891,D,20242025,R,68,Michael Kesselring,14,1.01,UTA,1130.56
102,7.02,0.0,0,0.0,0,46,57,3.92,152,10.47,Gudas,0,0,1,0,27,28,0,8475462,D,20242025,R,62,Radko Gudas,3,0.2,ANA,1136.06
35,2.24,2.0,4,6.0,2,44,59,3.77,27,1.72,Hagel,1,5,2,0,38,46,0,8479542,L,20242025,L,67,Brandon Hagel,15,0.96,TBL,1277.93
8,0.99,0.0,0,0.0,1,42,22,2.74,62,7.73,Samoskevich,0,2,2,1,36,41,0,8482713,R,20242025,R,28,Mackie Samoskevich,8,0.99,FLA,687.07
10,1.25,0.0,0,0.0,2,41,17,2.14,44,5.54,Hoglander,0,1,1,0,17,19,0,8481535,L,20242025,L,13,Nils Hoglander,8,1.0,VAN,697.04
10,4.13,0.0,0,0.0,0,9,5,2.06,1,0.41,Nemec,1,1,0,0,3,5,0,8483495,D,20242025,R,9,Simon Nemec,4,1.65,NJD,967.22
25,1.54,0.0,1,1.0,2,48,43,2.65,42,2.59,Crosby,0,8,2,1,58,69,2,8471675,C,20242025,L,56,Sidney Crosby,17,1.05,PIT,1212.47
5,2.49, ,0, ,0,11,4,1.99,16,7.98,Bains,0,0,1,1,2,4,0,8483395,L,20242025,L,4,Arshdeep Bains,1,0.49,VAN,656.18
72,4.27,1.0,1,2.0,3,40,64,3.8,35,2.07,Josi,3,3,1,3,53,63,0,8474600,D,20242025,L,102,Roman Josi,20,1.18,NSH,1515.35
53,3.5,1.0,1,2.0,1,37,47,3.1,43,2.84,Dahlin,0,1,4,2,33,40,1,8480839,D,20242025,L,91,Rasmus Dahlin,15,0.99,BUF,1472.1
16,1.64,0.0,1,1.0,0,45,25,2.57,18,1.85,Janmark,1,0,3,0,14,18,0,8477406,C,20242025,L,17,Mattias Janmark,6,0.61,EDM,777.11
13,0.97,1.0,1,2.0,1,46,33,2.47,44,3.29,Killorn,1,0,2,4,38,45,1,8473986,L,20242025,L,52,Alex Killorn,7,0.52,ANA,1044.56
43,5.39,0.0,0,0.0,0,30,28,3.51,49,6.15,Desharnais,0,0,1,1,13,15,0,8479576,D,20242025,R,18,Vincent Desharnais,3,0.37,VAN,955.76
19,3.58,0.0,0,0.0,0,20,8,1.5,54,10.17,Greenway,1,2,1,0,15,19,0,8478413,L,20242025,L,11,Jordan Greenway,5,0.94,BUF,955.15
41,2.97,1.0,0,1.0,3,46,39,2.82,22,1.59,Beniers,1,3,4,1,51,60,0,8482665,C,20242025,L,42,Matty Beniers,15,1.08,SEA,1079.04
22,2.57,0.0,0,0.0,1,37,18,2.1,41,4.79,Leason,0,6,0,0,22,28,0,8481517,R,20242025,R,21,Brett Leason,7,0.81,ANA,831.56
3,0.94,0.0,0,0.0,0,20,3,0.94,48,15.13,Raty,0,0,0,0,2,2,0,8482691,C,20242025,L,5,Aatu Raty,1,0.31,VAN,570.85
102,6.94,2.0,0,2.0,1,46,59,4.01,37,2.52,Oleksiak,0,1,1,0,35,37,0,8476467,D,20242025,L,31,Jamie Oleksiak,9,0.61,SEA,1148.84
50,4.14,1.0,0,1.0,1,48,23,1.9,120,9.93,Kunin,2,2,1,1,27,33,0,8479316,C,20242025,R,38,Luke Kunin,7,0.57,SJS,905.43
40,2.36,1.0,0,1.0,3,40,46,2.72,5,0.29,Hughes,2,2,2,5,53,64,0,8480800,D,20242025,L,133,Quinn Hughes,16,0.94,VAN,1520.9
30,5.37,0.0,0,0.0,0,24,26,4.65,19,3.4,Johansson,0,0,1,3,10,14,0,8481607,D,20242025,L,19,Albert Johansson,6,1.07,DET,837.66
8,0.97,1.0,0,1.0,0,33,23,2.8,7,0.85,Kuzmenko,0,3,0,1,16,21,0,8483808,L,20242025,R,22,Andrei Kuzmenko,13,1.58,CGY,894.15
8,1.75,0.0,0,0.0,0,31,10,2.19,60,13.14,Ostapchuk,1,0,0,0,10,11,0,8482859,C,20242025,L,3,Zack Ostapchuk,5,1.09,OTT,530.0
26,2.47,1.0,1,2.0,5,37,29,2.75,26,2.47,Voronkov,0,1,2,1,31,36,0,8481716,L,20242025,L,14,Dmitri Voronkov,4,0.38,CBJ,1024.08
85,6.02,0.0,0,0.0,0,41,57,4.04,12,0.85,Maatta,0,1,1,2,18,22,0,8476874,D,20242025,L,28,Olli Maatta,14,0.99,DET,1238.07
23,2.95,0.0,0,0.0,1,36,15,1.92,75,9.64,McCarron,0,1,2,1,18,22,0,8477446,C,20242025,R,16,Michael McCarron,6,0.77,NSH,777.25
38,3.06,1.0,0,1.0,3,46,17,1.37,73,5.88,Dickinson,0,1,1,1,25,28,0,8477450,C,20242025,L,48,Jason Dickinson,12,0.96,CHI,970.32
40,4.62,1.0,1,2.0,1,45,28,3.23,54,6.24,Beecher,0,2,0,0,18,20,0,8481556,C,20242025,L,12,John Beecher,9,1.04,BOS,691.57
1,5.38, ,0, ,0,2,0,0.0,1,5.38,Bradley,0,0,0,0,0,0,0,8482507,L,20242025,L,2,Chase Bradley,0,0.0,COL,334.5
39,3.72,0.0,1,1.0,1,46,14,1.33,88,8.4,Duhaime,0,5,3,0,27,35,0,8479520,R,20242025,L,19,Brandon Duhaime,4,0.38,WSH,819.58
31,4.31,1.0,0,1.0,1,34,24,3.34,48,6.68,Sundqvist,2,0,0,0,12,14,0,8476897,C,20242025,R,21,Oskar Sundqvist,8,1.11,STL,760.14
5,2.56,0.0,0,0.0,0,8,1,0.51,8,4.1,Graf,0,1,0,0,1,2,0,8484911,R,20242025,R,0,Collin Graf,3,1.53,SJS,876.62
8,1.57,0.0,0,0.0,0,26,15,2.94,22,4.32,Goncalves,1,0,0,0,7,8,0,8482201,C,20242025,L,8,Gage Goncalves,9,1.76,TBL,704.57
32,2.14,1.0,2,3.0,3,45,43,2.88,27,1.81,Boldy,5,9,7,2,64,87,1,8481557,L,20242025,L,65,Matt Boldy,29,1.94,MIN,1192.82
9,2.28,0.0,0,0.0,0,17,12,3.04,14,3.54,Nazar,0,2,0,0,10,12,0,8483493,C,20242025,R,8,Frank Nazar,1,0.25,CHI,835.82
29,2.24,0.0,0,0.0,0,39,44,3.4,11,0.85,Hughes,0,2,0,1,24,27,0,8482684,D,20242025,L,71,Luke Hughes,19,1.47,NJD,1191.92
19,4.01,0.0,0,0.0,0,23,23,4.86,14,2.96,Kolyachonok,0,0,1,1,7,9,0,8481609,D,20242025,L,16,Vladislav Kolyachonok,4,0.84,UTA,740.04
20,1.84,0.0,1,1.0,2,40,27,2.48,20,1.84,Zary,1,4,2,3,29,39,1,8482074,C,20242025,L,41,Connor Zary,7,0.64,CGY,978.15
9,0.96,0.0,0,0.0,4,43,13,1.39,12,1.28,Berggren,3,0,3,0,24,30,0,8481013,R,20242025,L,26,Jonatan Berggren,7,0.75,DET,780.95
27,1.96,2.0,1,3.0,3,45,42,3.05,15,1.09,Zibanejad,1,3,4,9,49,67,0,8476459,C,20242025,R,41,Mika Zibanejad,20,1.45,NYR,1099.97
46,3.29,0.0,0,0.0,2,48,33,2.36,89,6.36,Zetterlund,1,3,5,3,43,55,0,8480188,L,20242025,R,53,Fabian Zetterlund,18,1.28,SJS,1048.5
8,0.52,0.0,0,0.0,3,42,49,3.19,25,1.62,McDavid,0,7,1,3,42,54,0,8478402,C,20242025,L,57,Connor McDavid,17,1.1,EDM,1314.83
37,2.92,1.0,1,2.0,1,37,24,1.89,47,3.71,Barkov,1,4,0,3,41,49,1,8477493,C,20242025,L,39,Aleksander Barkov,16,1.26,FLA,1232.37
29,2.37,0.0,0,0.0,2,44,28,2.29,63,5.17,DeBrusk,0,1,3,2,29,35,1,8478498,L,20242025,L,39,Jake DeBrusk,9,0.73,VAN,996.95
35,3.35,0.0,0,0.0,0,46,25,2.39,136,13.04,Tolvanen,2,1,6,0,38,47,0,8480009,R,20242025,L,29,Eeli Tolvanen,5,0.47,SEA,816.0
29,1.95,0.0,2,2.0,2,45,39,2.63,75,5.06,Stützle,0,1,3,6,25,35,0,8482116,C,20242025,L,54,Tim Stützle,12,0.81,OTT,1185.06
17,1.23,1.0,0,1.0,2,45,31,2.25,69,5.0,Batherson,1,2,2,2,41,48,0,8480208,R,20242025,R,46,Drake Batherson,14,1.01,OTT,1102.11
49,3.0,2.0,0,2.0,0,45,52,3.19,136,8.35,Trocheck,1,5,3,1,53,63,0,8476389,C,20242025,R,26,Vincent Trocheck,25,1.53,NYR,1302.4
4,5.06, ,0, ,0,3,0,0.0,2,2.53,Brisebois,0,0,0,0,3,3,0,8478465,D,20242025,L,1,Guillaume Brisebois,1,1.26,VAN,948.33
22,1.86,1.0,0,1.0,4,46,22,1.86,30,2.54,Foerster,1,2,2,0,39,44,0,8482159,R,20242025,R,29,Tyson Foerster,6,0.5,PHI,922.91
45,5.05,0.0,0,0.0,0,37,36,4.04,19,2.13,Merrill,0,1,1,1,14,17,0,8475750,D,20242025,L,18,Jon Merrill,5,0.56,MIN,865.4
39,2.76,1.0,0,1.0,4,45,26,1.84,119,8.44,Norris,1,4,3,0,30,40,1,8480064,C,20242025,L,35,Josh Norris,12,0.85,OTT,1127.73
4,4.52, ,0, ,0,3,2,2.26,1,1.13,Johnson,0,0,0,0,6,6,0,8481564,D,20242025,L,3,Ryan Johnson,0,0.0,BUF,1060.0
59,4.85,0.0,0,0.0,0,38,37,3.04,43,3.53,Mintyukov,2,3,0,2,20,27,0,8483490,D,20242025,L,32,Pavel Mintyukov,7,0.57,ANA,1151.18
2,8.81, ,0, ,0,2,2,8.81,1,4.4,Olausson,0,0,0,0,0,0,0,8482712,R,20242025,L,0,Oskar Olausson,0,0.0,COL,408.5
0,0.0,0.0,0,0.0,0,3,1,1.45,1,1.45,Merkulov,0,0,0,0,0,0,0,8483567,C,20242025,L,1,Georgii Merkulov,0,0.0,BOS,824.33
23,1.59,1.0,0,1.0,1,45,28,1.94,18,1.25,Nelson,3,8,1,3,40,55,0,8475754,C,20242025,L,45,Brock Nelson,19,1.32,NYI,1150.31
31,2.64,2.0,1,3.0,2,46,29,2.47,55,4.68,Martinook,1,2,2,1,43,49,0,8476921,L,20242025,L,31,Jordan Martinook,8,0.68,CAR,918.32
82,4.47,3.0,0,3.0,1,46,69,3.76,35,1.91,Carlson,5,5,4,0,38,52,0,8474590,D,20242025,R,84,John Carlson,18,0.98,WSH,1432.97
31,1.76,6.0,7,13.0,2,47,46,2.62,26,1.48,Rantanen,0,9,3,0,60,73,0,8478420,R,20242025,L,69,Mikko Rantanen,21,1.19,COL,1342.85
13,9.08,1.0,0,1.0,0,4,10,6.99,2,1.39,Durzi,0,0,0,0,5,5,0,8480434,D,20242025,R,3,Sean Durzi,3,2.09,UTA,1287.5
2,5.38, ,0, ,0,2,0,0.0,11,29.61,Hagg,0,0,0,0,0,0,0,8477462,D,20242025,L,2,Robert Hagg,0,0.0,VGK,668.5
73,5.35,0.0,0,0.0,1,48,49,3.59,35,2.56,Rutta,1,0,0,2,21,24,0,8480172,D,20242025,R,61,Jan Rutta,10,0.73,SJS,1021.6
0,0.0,0.0,0,0.0,2,19,9,2.36,11,2.88,Sprong,0,1,0,1,13,15,0,8478466,R,20242025,R,16,Daniel Sprong,3,0.78,VAN,721.84
1,0.5, ,0, ,0,9,4,2.02,15,7.61,Perron,0,1,0,0,5,6,0,8474102,L,20242025,R,8,David Perron,2,1.01,OTT,788.22
12,4.11,1.0,0,1.0,0,13,8,2.74,13,4.45,Hutton,0,0,0,0,5,5,0,8480306,D,20242025,R,5,Grant Hutton,2,0.68,NYI,807.69
0,0.0, ,0, ,0,1,1,7.12,1,7.12,Finley,0,0,0,0,0,0,0,8482090,C,20242025,R,0,Jack Finley,0,0.0,TBL,505.0
23,2.25,1.0,2,3.0,1,47,24,2.35,74,7.25,Kiviranta,1,0,5,0,18,24,0,8481641,L,20242025,L,23,Joel Kiviranta,12,1.17,COL,781.36
20,1.8,0.0,0,0.0,0,42,23,2.07,72,6.48,Greig,0,0,0,0,42,42,0,8482092,C,20242025,L,10,Ridly Greig,7,0.63,OTT,951.57
24,2.04,3.0,0,3.0,2,46,28,2.38,79,6.71,Staal,0,3,2,0,24,29,0,8473533,C,20242025,L,21,Jordan Staal,4,0.34,CAR,920.39
23,1.37,1.0,0,1.0,5,48,67,4.0,5,0.29,Hughes,0,5,2,4,61,75,1,8481559,C,20242025,L,112,Jack Hughes,18,1.07,NJD,1254.31
31,2.28,1.0,3,4.0,0,46,40,2.95,22,1.62,McCann,1,3,3,2,59,69,1,8477955,L,20242025,L,72,Jared McCann,16,1.18,SEA,1060.26
45,4.39,3.0,1,4.0,0,43,22,2.14,57,5.56,Sissons,0,0,0,0,26,26,0,8476925,C,20242025,R,17,Colton Sissons,16,1.56,NSH,857.13
41,4.85, ,0, ,0,33,34,4.02,40,4.73,Graves,1,0,0,2,14,17,0,8477435,D,20242025,L,37,Ryan Graves,13,1.53,PIT,921.9
23,1.58,3.0,1,4.0,2,45,40,2.75,28,1.93,Backlund,3,2,3,1,47,57,0,8474150,C,20242025,L,50,Mikael Backlund,27,1.86,CGY,1159.77
70,4.8,0.0,2,2.0,3,45,35,2.4,34,2.33,Tuch,0,6,4,1,57,68,0,8477949,R,20242025,R,41,Alex Tuch,26,1.78,BUF,1165.42
32,3.44,0.0,0,0.0,0,37,28,3.01,18,1.93,Lundkvist,1,0,3,0,23,27,0,8480878,D,20242025,R,64,Nils Lundkvist,6,0.64,DAL,903.86
26,2.26,1.0,3,4.0,1,47,32,2.78,92,8.01,Niederreiter,1,4,0,2,35,42,0,8475799,R,20242025,L,25,Nino Niederreiter,8,0.69,WPG,879.4
13,1.43,0.0,0,0.0,0,46,26,2.87,9,0.99,Blake,0,1,2,1,22,26,0,8482809,R,20242025,R,22,Jackson Blake,11,1.21,CAR,706.82
61,3.33,0.0,0,0.0,1,48,75,4.1,16,0.87,Karlsson,1,2,2,2,52,59,0,8474578,D,20242025,R,134,Erik Karlsson,21,1.14,PIT,1370.54
32,2.89,0.0,0,0.0,0,44,25,2.25,38,3.43,Balinskis,0,3,2,0,14,19,0,8484304,D,20242025,L,42,Uvis Balinskis,16,1.44,FLA,905.25
81,4.46,1.0,1,2.0,0,45,64,3.52,38,2.09,Dobson,2,4,1,1,49,57,0,8480865,D,20242025,R,94,Noah Dobson,28,1.54,NYI,1452.31
46,2.91,0.0,0,0.0,0,44,59,3.73,34,2.15,Skjei,1,0,3,1,30,35,0,8476869,D,20242025,L,62,Brady Skjei,18,1.14,NSH,1291.45
9,5.43, ,0, ,0,6,6,3.62,5,3.02,Luneau,0,0,0,0,4,4,0,8483482,D,20242025,R,6,Tristan Luneau,1,0.6,ANA,993.33
69,4.44,1.0,0,1.0,0,44,54,3.47,40,2.57,Girard,2,2,2,1,16,23,1,8479398,D,20242025,L,57,Samuel Girard,11,0.7,COL,1270.06
5,0.45,0.0,1,1.0,3,44,22,1.99,19,1.71,Mikheyev,0,0,0,2,20,22,0,8481624,R,20242025,L,22,Ilya Mikheyev,11,0.99,CHI,904.06
43,4.55,0.0,0,0.0,1,30,30,3.17,11,1.16,Miromanov,0,1,1,1,13,16,0,8482624,D,20242025,R,51,Daniil Miromanov,10,1.05,CGY,1132.93
34,2.82,0.0,0,0.0,1,38,42,3.49,30,2.49,Gostisbehere,4,3,0,0,46,53,0,8476906,D,20242025,L,70,Shayne Gostisbehere,21,1.74,CAR,1140.05
35,2.88,2.0,0,2.0,0,41,46,3.79,37,3.05,Danault,3,4,0,2,22,31,0,8476479,C,20242025,L,30,Phillip Danault,13,1.07,LAK,1064.19
40,3.65,0.0,1,1.0,3,47,35,3.19,78,7.12,Palat,1,3,1,2,23,30,0,8476292,L,20242025,L,29,Ondrej Palat,20,1.82,NJD,838.1
7,8.24, ,0, ,0,6,1,1.17,20,23.56,Klapka,0,0,0,0,3,3,0,8483609,R,20242025,R,3,Adam Klapka,1,1.17,CGY,509.33
5,2.47,0.0,0,0.0,0,10,1,0.49,5,2.47,Gushchin,1,0,0,1,9,11,0,8482101,L,20242025,L,9,Danil Gushchin,0,0.0,SJS,727.2
10,2.59,0.0,0,0.0,0,18,8,2.07,6,1.55,Boqvist,0,0,0,0,9,9,0,8480871,D,20242025,R,23,Adam Boqvist,4,1.03,FLA,770.55
23,1.63,0.0,1,1.0,1,45,37,2.63,38,2.7,Giroux,1,2,1,0,27,31,0,8473512,R,20242025,R,22,Claude Giroux,9,0.64,OTT,1122.44
0,0.0, ,0, ,0,1,0,0.0,3,27.41,Milne,0,0,0,0,0,0,0,8482829,L,20242025,L,0,Michael Milne,0,0.0,MIN,394.0
16,1.5,0.0,0,0.0,1,43,17,1.6,19,1.79,Burakovsky,0,2,5,2,20,29,0,8477444,L,20242025,L,32,Andre Burakovsky,10,0.94,SEA,887.13
1,1.1, ,0, ,0,5,1,1.1,3,3.31,Kaliyev,0,0,0,0,1,1,0,8481560,R,20242025,L,1,Arthur Kaliyev,0,0.0,NYR,651.2
10,1.05,1.0,0,1.0,2,39,25,2.63,7,0.73,Saad,1,0,0,0,21,23,0,8476438,L,20242025,L,26,Brandon Saad,11,1.15,STL,876.58
84,7.06,2.0,0,2.0,3,34,31,2.6,53,4.45,Middleton,2,1,1,0,11,15,0,8478136,D,20242025,L,37,Jake Middleton,16,1.34,MIN,1258.67
27,2.29,0.0,0,0.0,1,36,56,4.76,18,1.53,Celebrini,3,4,3,4,42,56,1,8484801,C,20242025,L,52,Macklin Celebrini,13,1.1,SJS,1174.91
5,3.45,0.0,0,0.0,0,6,8,5.53,4,2.76,Grans,0,0,0,0,3,3,0,8482169,D,20242025,R,5,Helge Grans,2,1.38,PHI,867.5
85,5.32,0.0,0,0.0,0,48,52,3.25,68,4.25,Siegenthaler,0,1,0,1,24,26,0,8478399,D,20242025,L,43,Jonas Siegenthaler,14,0.87,NJD,1198.08
63,3.97,1.0,0,1.0,0,48,60,3.78,59,3.72,Kovacevic,0,2,0,1,31,34,0,8480192,D,20242025,R,47,Johnathan Kovacevic,17,1.07,NJD,1189.06
7,3.69, ,0, ,0,11,8,4.21,20,10.54,Englund,0,0,0,0,2,2,0,8477971,D,20242025,L,1,Andreas Englund,1,0.52,LAK,620.81
14,1.27,0.0,1,1.0,2,46,37,3.36,7,0.63,Roslovic,2,6,1,4,34,47,0,8478458,C,20242025,R,36,Jack Roslovic,16,1.45,CAR,860.32
38,3.66,2.0,1,3.0,2,47,24,2.31,90,8.69,Kelly,0,0,6,1,32,39,0,8480448,C,20242025,L,36,Parker Kelly,12,1.15,COL,793.12
15,4.38,0.0,0,0.0,0,25,10,2.92,31,9.05,Shore,0,2,0,0,5,7,0,8476913,C,20242025,L,4,Devin Shore,6,1.75,MIN,493.12
14,1.78,1.0,0,1.0,3,37,24,3.05,15,1.9,Turcotte,2,0,1,1,22,26,0,8481532,C,20242025,L,20,Alex Turcotte,8,1.01,LAK,764.13
54,4.22,0.0,0,0.0,0,42,53,4.15,9,0.7,Lohrei,2,1,2,0,20,25,0,8482511,D,20242025,L,55,Mason Lohrei,19,1.48,BOS,1094.3
12,1.3,0.0,0,0.0,0,35,28,3.03,30,3.25,Roy,0,0,1,0,18,19,0,8478462,C,20242025,R,22,Nicolas Roy,13,1.41,VGK,948.2
66,4.13,0.0,0,0.0,1,48,72,4.5,53,3.31,Hamilton,4,1,3,5,56,69,0,8476462,D,20242025,R,107,Dougie Hamilton,17,1.06,NJD,1198.54
37,2.31,1.0,2,3.0,4,47,44,2.74,59,3.68,Reinhart,1,1,5,3,50,60,0,8477933,C,20242025,R,49,Sam Reinhart,16,0.99,FLA,1225.74
4,6.72, ,0, ,1,3,2,3.36,3,5.04,Phillips,0,0,0,0,0,0,0,8482192,D,20242025,L,2,Isaak Phillips,0,0.0,CHI,713.66
8,1.09,1.0,0,1.0,0,42,22,3.0,35,4.77,Tatar,0,0,0,3,12,15,0,8475193,L,20242025,L,19,Tomas Tatar,3,0.4,NJD,627.73
4,3.74, ,0, ,0,5,2,1.87,9,8.43,Jones,0,0,0,0,3,3,0,8478452,D,20242025,L,6,Caleb Jones,1,0.93,LAK,768.6
52,4.21,0.0,0,0.0,0,30,32,2.59,35,2.83,Jones,0,2,1,0,25,28,0,8477495,D,20242025,R,50,Seth Jones,15,1.21,CHI,1480.3
12,2.57,0.0,0,0.0,2,25,10,2.14,43,9.21,Parssinen,0,1,1,0,7,9,0,8481704,C,20242025,L,11,Juuso Parssinen,2,0.42,NSH,672.2
7,7.47, ,0, ,0,4,2,2.13,1,1.06,Schueneman,0,0,0,0,2,2,0,8481461,D,20242025,L,3,Corey Schueneman,0,0.0,STL,843.0
15,1.75,0.0,0,0.0,1,40,18,2.1,74,8.63,Chaffee,0,1,3,1,12,17,0,8482070,R,20242025,R,14,Mitchell Chaffee,8,0.93,TBL,771.37
13,0.97,1.0,1,2.0,4,44,56,4.18,58,4.33,Marchessault,1,5,1,1,28,36,1,8476539,R,20242025,R,62,Jonathan Marchessault,5,0.37,NSH,1095.34
9,1.58,0.0,0,0.0,1,34,15,2.64,49,8.63,Lafferty,0,1,1,0,6,8,0,8478043,C,20242025,R,11,Sam Lafferty,1,0.17,BUF,601.08
0,0.0, ,0, ,0,2,0,0.0,1,2.98,Karlsson,0,0,0,0,0,0,0,8481024,C,20242025,R,0,Linus Karlsson,0,0.0,VAN,604.0
4,4.71, ,0, ,0,4,1,1.17,5,5.89,Lambert,0,0,0,1,2,3,0,8483471,C,20242025,R,4,Brad Lambert,0,0.0,WPG,764.0
98,6.17,2.0,1,3.0,0,46,32,2.01,58,3.65,Larsson,1,0,2,2,34,39,0,8476457,D,20242025,R,48,Adam Larsson,14,0.88,SEA,1241.28
23,3.19,0.0,0,0.0,0,28,36,4.99,40,5.54,Dumba,0,1,0,2,22,25,0,8476856,D,20242025,R,35,Mathew Dumba,8,1.1,DAL,926.92
2,2.37,0.0,0,0.0,0,5,0,0.0,4,4.75,Frank,1,1,0,1,1,4,0,8483573,C,20242025,R,1,Ethen Frank,3,3.56,WSH,605.4
0,0.0, ,0, ,0,5,3,3.64,0,0.0,Nylander,0,1,0,0,3,4,0,8479423,L,20242025,R,0,Alexander Nylander,1,1.21,TOR,593.2
1,1.87, ,0, ,0,3,0,0.0,12,22.47,Légaré,0,0,0,0,0,0,0,8481594,R,20242025,R,1,Nathan Légaré,0,0.0,NJD,640.66
78,5.72,0.0,0,0.0,0,39,35,2.56,15,1.1,Pesce,0,2,2,0,11,15,0,8477488,D,20242025,R,52,Brett Pesce,15,1.1,NJD,1258.35
76,4.6,1.0,0,1.0,1,46,67,4.06,30,1.81,Hanifin,1,0,1,0,23,25,0,8478396,D,20242025,L,63,Noah Hanifin,22,1.33,VGK,1291.19
70,6.21,0.0,0,0.0,0,31,44,3.9,75,6.65,Romanov,1,1,0,1,16,19,0,8481014,D,20242025,L,44,Alexander Romanov,14,1.24,NYI,1308.64
43,4.57,0.0,0,0.0,0,37,43,4.57,20,2.12,Holl,0,1,2,0,21,24,0,8475718,D,20242025,R,17,Justin Holl,3,0.31,DET,914.32
29,2.34,0.0,2,2.0,1,46,41,3.31,91,7.35,Holloway,3,2,2,0,29,36,1,8482077,L,20242025,L,49,Dylan Holloway,20,1.61,STL,968.54
51,4.52,0.0,0,0.0,0,35,35,3.1,6,0.53,Drysdale,2,1,0,1,19,23,0,8482142,D,20242025,R,43,Jamie Drysdale,11,0.97,PHI,1158.94
14,2.42,0.0,0,0.0,1,33,14,2.42,28,4.85,Labanc,1,3,2,2,16,24,0,8478099,R,20242025,R,33,Kevin Labanc,6,1.04,CBJ,629.06
16,4.71,0.0,0,0.0,1,21,8,2.35,45,13.25,Kirkland,0,0,1,0,8,9,0,8477993,C,20242025,L,5,Justin Kirkland,3,0.88,CGY,582.04
0,0.0, ,0, ,0,3,1,2.77,1,2.77,Milano,0,0,0,0,0,0,0,8477947,L,20242025,L,0,Sonny Milano,0,0.0,WSH,432.66
2,9.44, ,0, ,0,1,0,0.0,4,18.89,Brown,0,0,0,0,1,1,0,8477887,C,20242025,R,0,Patrick Brown,1,4.72,BOS,762.0
50,3.51,2.0,0,2.0,2,47,25,1.75,81,5.68,Lindholm,0,5,2,3,39,50,0,8477496,C,20242025,R,33,Elias Lindholm,13,0.91,BOS,1090.59
0,0.0, ,0, ,0,3,0,0.0,2,3.74,Yamamoto,0,0,0,1,0,1,0,8479977,R,20242025,R,0,Kailer Yamamoto,0,0.0,UTA,640.33
59,5.47,0.0,0,0.0,1,39,42,3.89,57,5.28,Whitecloud,1,1,0,0,16,18,0,8480727,D,20242025,R,37,Zach Whitecloud,6,0.55,VGK,995.05
17,2.9,0.0,0,0.0,1,30,20,3.42,23,3.93,Smith,0,3,2,1,11,17,0,8475225,C,20242025,R,19,Craig Smith,8,1.36,CHI,701.23
37,2.31,3.0,1,4.0,2,47,59,3.68,38,2.37,Scheifele,1,3,2,4,47,59,1,8476460,C,20242025,R,34,Mark Scheifele,14,0.87,WPG,1225.12
82,5.45,0.0,0,0.0,0,44,35,2.32,54,3.59,Myers,0,2,3,0,31,36,0,8474574,D,20242025,R,37,Tyler Myers,19,1.26,VAN,1230.2
19,1.18,1.0,2,3.0,6,45,51,3.17,11,0.68,Draisaitl,1,3,1,3,39,47,4,8477934,C,20242025,L,49,Leon Draisaitl,21,1.3,EDM,1286.8
74,5.25,3.0,2,5.0,0,41,50,3.54,41,2.9,Edvinsson,1,1,3,1,19,25,1,8482762,D,20242025,L,53,Simon Edvinsson,11,0.78,DET,1237.46
58,5.12,0.0,0,0.0,1,44,33,2.91,167,14.75,Schenn,0,1,0,0,19,20,0,8474568,D,20242025,R,58,Luke Schenn,9,0.79,NSH,926.22
11,0.9,0.0,0,0.0,2,45,43,3.51,18,1.47,Michkov,0,3,1,0,37,44,3,8484387,R,20242025,L,36,Matvei Michkov,10,0.81,PHI,977.66
20,3.43,0.0,0,0.0,0,27,11,1.89,11,1.89,Johnson,1,0,0,0,4,5,0,8471677,D,20242025,L,14,Jack Johnson,7,1.2,CBJ,775.88
32,3.21,0.0,0,0.0,1,45,20,2.01,103,10.35,Aston-Reese,0,2,1,1,20,24,0,8479944,C,20242025,L,27,Zach Aston-Reese,3,0.3,CBJ,795.93
2,1.43, ,0, ,0,9,3,2.15,36,25.85,O'Brien,0,0,0,0,2,2,0,8477070,C,20242025,L,7,Liam O'Brien,1,0.71,UTA,557.0
127,8.27,0.0,0,0.0,0,44,64,4.16,52,3.38,Cole,2,0,1,1,25,29,0,8474013,D,20242025,L,41,Ian Cole,17,1.1,UTA,1256.4
28,2.0,0.0,1,1.0,1,43,48,3.43,26,1.85,Eklund,0,4,0,2,46,52,1,8482667,L,20242025,L,44,William Eklund,10,0.71,SJS,1171.0
36,2.66,2.0,2,4.0,3,45,24,1.77,115,8.5,Vatrano,2,4,1,3,50,60,0,8478366,R,20242025,L,46,Frank Vatrano,8,0.59,ANA,1082.02
22,1.98,0.0,3,3.0,1,45,21,1.89,64,5.76,Armia,1,4,1,3,23,32,0,8476469,R,20242025,R,50,Joel Armia,12,1.08,MTL,888.0
17,1.36,0.0,1,1.0,3,41,44,3.53,25,2.0,Fiala,4,4,4,1,54,67,0,8477942,L,20242025,L,58,Kevin Fiala,18,1.44,LAK,1092.68
0,0.0, ,0, ,0,1,0,0.0,0,0.0,Bolduc,0,0,0,0,0,0,0,8481541,D,20242025,L,1,Samuel Bolduc,0,0.0,NYI,356.0
20,3.59,0.0,0,0.0,0,28,12,2.15,35,6.29,Motte,0,2,1,0,19,22,0,8477353,C,20242025,L,26,Tyler Motte,12,2.15,DET,714.78
1,1.4,0.0,0,0.0,0,7,1,1.4,15,21.14,Deslauriers,0,1,0,0,4,5,0,8475235,L,20242025,L,2,Nicolas Deslauriers,0,0.0,PHI,364.85
14,1.09,0.0,6,6.0,4,34,50,3.9,11,0.85,Kaprizov,1,4,3,3,33,44,1,8478864,L,20242025,L,86,Kirill Kaprizov,9,0.7,MIN,1357.0
8,4.71, ,0, ,0,6,9,5.3,0,0.0,Stastney,0,0,0,0,1,1,0,8481056,D,20242025,L,5,Spencer Stastney,1,0.58,NSH,1018.5
17,2.24,0.0,0,0.0,0,47,24,3.16,125,16.47,Greer,0,0,0,2,21,23,0,8478421,L,20242025,L,20,A.J. Greer,6,0.79,FLA,581.06
14,0.91,1.0,4,5.0,1,47,42,2.73,5,0.32,Nylander,1,3,2,1,45,55,1,8477939,R,20242025,R,67,William Nylander,16,1.04,TOR,1178.25
4,4.36,0.0,0,0.0,0,3,2,2.18,4,4.36,Gravel,0,0,0,0,2,2,0,8475857,D,20242025,L,5,Kevin Gravel,0,0.0,NSH,1099.0
75,4.63,1.0,0,1.0,1,43,67,4.13,32,1.97,Pietrangelo,1,3,3,2,42,51,0,8474565,D,20242025,R,59,Alex Pietrangelo,18,1.11,VGK,1356.13
2,1.34, ,0, ,1,7,4,2.68,6,4.02,Ritchie,0,1,0,0,5,6,0,8484221,C,20242025,R,3,Calum Ritchie,1,0.67,COL,766.85
60,5.95,0.0,0,0.0,0,34,39,3.87,37,3.67,Kaiser,0,0,3,1,15,19,0,8482176,D,20242025,L,25,Wyatt Kaiser,15,1.48,CHI,1066.17
3,12.48, ,0, ,0,1,0,0.0,4,16.64,Crozier,0,0,0,0,0,0,0,8481719,D,20242025,R,1,Maxwell Crozier,0,0.0,TBL,865.0
34,2.39,0.0,1,1.0,1,48,36,2.53,28,1.96,Mercer,0,1,1,0,27,30,0,8482110,C,20242025,R,41,Dawson Mercer,15,1.05,NJD,1066.77
8,2.49,0.0,0,0.0,0,16,10,3.11,16,4.98,Wood,0,0,0,0,14,14,0,8477425,L,20242025,L,19,Miles Wood,1,0.31,COL,722.0
15,1.39,0.0,0,0.0,0,45,33,3.06,148,13.73,Pospisil,1,3,3,1,30,38,0,8481028,C,20242025,L,33,Martin Pospisil,8,0.74,CGY,861.88
40,3.02,0.0,0,0.0,1,47,36,2.72,71,5.36,Tippett,3,7,3,1,57,72,1,8480015,R,20242025,R,91,Owen Tippett,21,1.58,PHI,1013.17
28,4.35,0.0,0,0.0,0,20,23,3.57,22,3.41,Andrae,0,1,0,0,11,12,0,8482126,D,20242025,L,37,Emil Andrae,10,1.55,PHI,1158.4
42,3.88,1.0,2,3.0,2,32,32,2.95,21,1.94,Matthews,2,7,3,4,46,62,1,8479318,C,20242025,L,46,Auston Matthews,12,1.1,TOR,1216.75
0,0.0, ,0, ,0,5,0,0.0,7,15.22,Felhaber,0,0,0,0,0,0,0,8479746,L,20242025,L,2,Tye Felhaber,1,2.17,COL,331.0
3,3.13, ,0, ,0,7,2,2.08,10,10.44,Condotta,0,0,0,0,2,2,0,8483549,L,20242025,L,3,Lucas Condotta,0,0.0,MTL,492.14
10,1.45,1.0,1,2.0,2,21,17,2.47,18,2.62,Nichushkin,1,0,0,0,18,19,0,8477501,R,20242025,L,24,Valeri Nichushkin,3,0.43,COL,1177.71
1,2.33, ,0, ,0,2,1,2.33,2,4.67,Lettieri,1,0,0,0,2,3,0,8479968,C,20242025,R,2,Vinni Lettieri,1,2.33,BOS,770.5
25,1.86,3.0,4,7.0,2,44,36,2.68,55,4.1,Tavares,3,3,5,1,34,47,1,8475166,C,20242025,L,36,John Tavares,13,0.96,TOR,1096.86
51,5.61,1.0,0,1.0,0,36,29,3.19,50,5.5,de Haan,0,0,0,1,28,29,0,8475177,D,20242025,L,44,Calvin de Haan,4,0.44,COL,907.66
13,3.46,0.0,0,0.0,0,16,11,2.93,7,1.86,Heinola,0,0,0,1,13,14,0,8481572,D,20242025,L,12,Ville Heinola,7,1.86,WPG,844.68
67,5.58,1.0,0,1.0,0,31,38,3.16,17,1.41,Brodin,1,1,2,0,13,17,0,8476463,D,20242025,L,46,Jonas Brodin,13,1.08,MIN,1392.87
41,2.53,0.0,0,0.0,0,46,54,3.33,59,3.64,Ekman-Larsson,0,4,4,1,44,54,0,8475171,D,20242025,L,55,Oliver Ekman-Larsson,18,1.11,TOR,1266.65
20,3.7,0.0,0,0.0,0,35,10,1.85,38,7.03,Nosek,1,0,0,0,14,15,0,8477931,L,20242025,L,20,Tomas Nosek,4,0.74,FLA,555.65
25,3.24,0.0,0,0.0,0,42,19,2.46,35,4.54,Khusnutdinov,2,0,0,0,14,16,0,8482177,C,20242025,L,6,Marat Khusnutdinov,2,0.25,MIN,660.26
40,3.08,2.0,2,4.0,3,41,33,2.54,13,1.0,O'Reilly,2,7,3,1,31,44,0,8475158,C,20242025,L,19,Ryan O'Reilly,17,1.31,NSH,1138.56
21,3.59,0.0,0,0.0,0,24,18,3.07,9,1.53,Perunovich,0,1,1,1,5,8,0,8481059,D,20242025,L,9,Scott Perunovich,4,0.68,STL,877.0
2,1.09, ,0, ,0,8,1,0.54,26,14.22,Bichsel,0,0,0,0,0,0,0,8483425,D,20242025,L,7,Lian Bichsel,0,0.0,DAL,822.62
64,5.4,0.0,0,0.0,0,33,43,3.63,22,1.85,York,0,1,1,0,17,19,0,8481546,D,20242025,L,31,Cam York,16,1.35,PHI,1291.27
30,3.06,1.0,1,2.0,1,44,25,2.55,80,8.17,Rasmussen,1,0,1,0,19,21,0,8479992,C,20242025,L,24,Michael Rasmussen,7,0.71,DET,800.43
28,2.51,1.0,0,1.0,1,42,33,2.96,36,3.23,Foegele,2,2,5,0,36,45,0,8477998,L,20242025,L,35,Warren Foegele,22,1.97,LAK,953.66
57,3.53,1.0,0,1.0,0,46,41,2.53,26,1.61,Suter,0,1,1,0,21,23,0,8470600,D,20242025,L,38,Ryan Suter,7,0.43,STL,1263.32
2,1.93, ,0, ,0,5,4,3.87,6,5.8,Honzek,0,0,0,0,2,2,0,8484180,L,20242025,L,0,Samuel Honzek,1,0.96,CGY,743.6
60,4.26,0.0,0,0.0,1,42,62,4.4,72,5.11,Mikkola,0,2,0,1,30,33,0,8478859,D,20242025,L,55,Niko Mikkola,8,0.56,FLA,1206.09
19,1.46,1.0,1,2.0,4,45,31,2.39,67,5.18,Lee,0,1,1,0,48,50,0,8475314,L,20242025,L,31,Anders Lee,6,0.46,NYI,1034.28
87,5.76,1.0,0,1.0,0,44,62,4.1,12,0.79,McDonagh,0,1,2,1,22,26,0,8474151,D,20242025,L,34,Ryan McDonagh,16,1.06,TBL,1234.72
12,1.28,1.0,3,4.0,1,33,17,1.82,32,3.43,Moore,0,5,6,0,35,46,0,8479675,L,20242025,L,33,Trevor Moore,15,1.61,LAK,1015.39
3,3.52,0.0,0,0.0,0,7,3,3.52,8,9.39,Caggiula,0,0,0,0,1,1,0,8479465,L,20242025,L,2,Drake Caggiula,0,0.0,EDM,438.0
40,4.68,0.0,0,0.0,0,28,30,3.51,43,5.03,Samuelsson,0,0,2,0,12,14,0,8480807,D,20242025,L,10,Mattias Samuelsson,5,0.58,BUF,1097.25
72,4.73,1.0,0,1.0,0,42,36,2.36,73,4.8,Nurse,0,0,5,1,33,39,1,8477498,D,20242025,L,61,Darnell Nurse,13,0.85,EDM,1303.0
30,4.28,0.0,0,0.0,0,24,35,4.99,31,4.42,Wotherspoon,0,0,0,0,11,11,0,8478450,D,20242025,L,15,Parker Wotherspoon,9,1.28,BOS,1051.0
15,1.38,0.0,0,0.0,1,42,29,2.67,70,6.45,Geekie,3,3,1,1,30,38,0,8479987,C,20242025,R,38,Morgan Geekie,16,1.47,BOS,929.66
22,1.3,5.0,1,6.0,2,47,65,3.86,27,1.6,Marner,1,4,4,1,46,56,1,8478483,R,20242025,R,82,Mitch Marner,36,2.14,TOR,1287.57
17,1.71,0.0,0,0.0,1,45,33,3.32,38,3.82,Mangiapane,1,0,3,1,23,28,0,8478233,L,20242025,L,21,Andrew Mangiapane,9,0.9,WSH,794.22
3,2.46,0.0,0,0.0,0,8,0,0.0,10,8.2,Jaaska,0,0,0,1,4,5,0,8484929,L,20242025,L,2,Juha Jaaska,0,0.0,CAR,548.62
1,2.14,0.0,0,0.0,0,3,0,0.0,1,2.14,Sgarbossa,0,0,0,0,0,0,0,8475958,C,20242025,L,3,Michael Sgarbossa,0,0.0,WSH,560.33
25,2.69,1.0,2,3.0,3,46,23,2.47,63,6.79,Pearson,0,0,2,0,25,27,0,8476871,L,20242025,L,28,Tanner Pearson,11,1.18,VGK,726.0
10,3.58, ,0, ,0,16,4,1.43,20,7.16,Jost,0,0,0,0,7,7,0,8479370,C,20242025,L,2,Tyson Jost,4,1.43,CAR,628.06
18,2.23,0.0,0,0.0,3,40,23,2.86,60,7.46,Kovalenko,1,1,1,1,20,24,0,8481042,R,20242025,L,14,Nikolai Kovalenko,13,1.61,COL,723.72
11,0.87,2.0,1,3.0,1,42,41,3.24,72,5.69,Tkachuk,1,5,3,2,52,64,0,8479314,L,20242025,L,62,Matthew Tkachuk,9,0.71,FLA,1083.09
18,1.43,3.0,4,7.0,0,43,41,3.26,21,1.67,Nyquist,0,3,2,1,25,32,0,8474679,R,20242025,L,47,Gustav Nyquist,9,0.71,NSH,1050.39
3,3.96,0.0,0,0.0,0,5,1,1.32,4,5.28,Hyry,0,0,0,0,0,0,0,8484938,R,20242025,R,3,Arttu Hyry,1,1.32,DAL,545.0
7,4.38,0.0,0,0.0,1,8,8,5.01,4,2.5,Casey,0,0,0,0,2,2,0,8483429,D,20242025,R,11,Seamus Casey,0,0.0,NJD,717.75
20,5.3,0.0,0,0.0,0,15,20,5.3,14,3.71,Mancini,0,0,1,0,5,6,0,8483768,D,20242025,R,9,Victor Mancini,1,0.26,NYR,905.46
72,5.58,1.0,0,1.0,0,44,40,3.1,66,5.11,Mayfield,0,2,0,1,21,24,0,8476429,D,20242025,R,49,Scott Mayfield,16,1.24,NYI,1054.97
25,4.04,0.0,0,0.0,0,26,23,3.72,53,8.57,Struble,1,0,0,0,6,7,0,8481593,D,20242025,L,26,Jayden Struble,10,1.61,MTL,855.76
15,1.12,0.0,0,0.0,2,45,37,2.76,35,2.61,Caufield,1,11,0,4,45,61,0,8481540,R,20242025,R,45,Cole Caufield,14,1.04,MTL,1069.04
31,3.4,0.0,0,0.0,0,44,11,1.2,101,11.1,Toropchenko,1,1,0,0,13,15,0,8480281,R,20242025,L,30,Alexey Toropchenko,4,0.43,STL,743.93
14,1.04,0.0,0,0.0,5,42,39,2.91,5,0.37,Terry,2,4,1,2,43,52,1,8478873,R,20242025,R,52,Troy Terry,15,1.12,ANA,1145.07
23,2.77,0.0,1,1.0,4,30,24,2.89,64,7.72,Colton,3,2,3,0,22,30,0,8479525,C,20242025,L,29,Ross Colton,8,0.96,COL,994.06
22,2.97,1.0,0,1.0,1,34,13,1.75,56,7.57,Faksa,0,0,0,0,16,16,0,8476889,C,20242025,L,19,Radek Faksa,6,0.81,STL,783.05
1,4.02, ,0, ,0,2,0,0.0,0,0.0,Foudy,0,0,0,0,0,0,0,8480853,C,20242025,L,2,Liam Foudy,1,4.02,NYI,447.0
15,1.22,0.0,0,0.0,4,46,41,3.35,95,7.78,Noesen,2,1,3,1,38,45,1,8476474,R,20242025,R,24,Stefan Noesen,10,0.81,NJD,955.52
11,1.01,0.0,0,0.0,2,37,18,1.66,34,3.13,Boeser,0,4,2,2,29,37,0,8478444,R,20242025,R,44,Brock Boeser,12,1.1,VAN,1054.7
25,1.8,1.0,0,1.0,0,45,30,2.16,160,11.53,Tkachuk,3,3,4,2,71,83,3,8480801,L,20242025,L,63,Brady Tkachuk,9,0.64,OTT,1109.71
1,1.19, ,0, ,0,6,1,1.19,4,4.77,Meyers,0,0,0,0,0,0,0,8483570,C,20242025,L,4,Ben Meyers,1,1.19,SEA,502.33
4,3.61, ,0, ,0,9,5,4.51,16,14.44,Giles,0,0,0,0,2,2,0,8480825,R,20242025,R,0,Patrick Giles,0,0.0,FLA,443.0
16,3.11,1.0,0,1.0,0,30,14,2.72,62,12.06,Bastian,1,1,1,0,9,12,0,8479414,R,20242025,R,11,Nathan Bastian,0,0.0,NJD,616.53
20,1.87,0.0,0,0.0,0,46,33,3.1,42,3.94,Kotkaniemi,0,0,1,1,23,25,0,8480829,C,20242025,L,28,Jesperi Kotkaniemi,12,1.12,CAR,832.69
74,4.58,0.0,0,0.0,0,47,44,2.72,77,4.77,Ristolainen,1,0,1,1,27,30,0,8477499,D,20242025,R,31,Rasmus Ristolainen,17,1.05,PHI,1235.02
14,4.2, ,0, ,0,19,15,4.5,28,8.4,Middleton,0,0,0,1,13,14,0,8479387,D,20242025,L,12,Keaton Middleton,1,0.3,COL,631.31
22,1.43,3.0,2,5.0,1,46,52,3.38,41,2.66,Aho,5,0,15,2,56,79,3,8478427,C,20242025,L,61,Sebastian Aho,11,0.71,CAR,1203.5
1,4.56, ,0, ,0,1,1,4.56,1,4.56,Sillinger,0,0,0,0,0,0,0,8483538,C,20242025,L,1,Owen Sillinger,1,4.56,CBJ,789.0
9,0.97,0.0,1,1.0,2,46,21,2.28,66,7.17,Robinson,1,1,2,2,23,29,0,8480762,L,20242025,L,25,Eric Robinson,2,0.21,CAR,720.3
1,5.56, ,0, ,0,1,0,0.0,0,0.0,Mermis,0,0,0,0,0,0,0,8477541,D,20242025,L,3,Dakota Mermis,0,0.0,UTA,647.0
25,2.79,0.0,0,0.0,0,36,41,4.58,31,3.46,Joseph,0,0,1,0,11,12,0,8480058,D,20242025,L,35,P.O Joseph,14,1.56,STL,894.3
5,1.04,1.0,0,1.0,0,14,16,3.33,4,0.83,Drouin,1,0,4,0,4,9,0,8477494,L,20242025,L,11,Jonathan Drouin,6,1.25,COL,1233.57
31,2.29,0.0,0,0.0,3,46,31,2.29,106,7.86,Schenn,1,4,3,0,29,37,2,8475170,C,20242025,L,45,Brayden Schenn,9,0.66,STL,1055.32
5,4.25,0.0,0,0.0,0,5,4,3.4,8,6.8,Ruhwedel,0,0,0,0,3,3,0,8477244,D,20242025,R,3,Chad Ruhwedel,1,0.85,NYR,846.2
28,2.45,1.0,1,2.0,3,34,53,4.64,5,0.43,Thomas,1,3,5,1,28,38,0,8480023,C,20242025,R,39,Robert Thomas,10,0.87,STL,1208.35
42,4.14,0.0,0,0.0,2,39,43,4.24,29,2.86,Perbix,2,0,0,0,15,17,0,8480246,D,20242025,R,42,Nick Perbix,17,1.67,TBL,935.33
0,0.0, ,0, ,0,1,0,0.0,0,0.0,Lysell,0,0,0,0,0,0,0,8482763,R,20242025,R,0,Fabian Lysell,0,0.0,BOS,692.0
7,2.98,0.0,0,0.0,1,11,2,0.85,31,13.22,Minten,0,1,1,0,7,9,0,8483489,C,20242025,L,6,Fraser Minten,1,0.42,TOR,767.18
13,3.49,0.0,0,0.0,0,18,4,1.07,12,3.22,Anderson,0,0,0,0,3,3,0,8479315,R,20242025,R,11,Joey Anderson,8,2.15,CHI,743.61
7,1.44,0.0,0,0.0,1,25,10,2.07,43,8.9,Puljujarvi,0,0,3,2,17,22,0,8479344,R,20242025,R,23,Jesse Puljujarvi,3,0.62,PIT,695.48
32,2.22,4.0,1,5.0,1,43,46,3.19,15,1.04,Guentzel,0,4,2,0,31,37,0,8477404,C,20242025,L,31,Jake Guentzel,17,1.18,TBL,1203.65
19,2.63,0.0,0,0.0,1,42,17,2.35,127,17.61,Kartye,0,2,1,1,10,14,0,8481789,L,20242025,L,22,Tye Kartye,1,0.13,SEA,618.0
98,5.31,0.0,0,0.0,0,45,55,2.98,26,1.41,Sanderson,2,0,3,3,28,36,1,8482105,D,20242025,L,83,Jake Sanderson,34,1.84,OTT,1474.37
26,1.6,2.0,3,5.0,3,47,49,3.02,64,3.94,Konecny,2,8,3,1,46,60,0,8478439,R,20242025,R,53,Travis Konecny,19,1.17,PHI,1242.63
72,5.1,1.0,0,1.0,0,42,37,2.62,46,3.26,Carrier,0,1,0,1,17,20,0,8478851,D,20242025,R,27,Alexandre Carrier,16,1.13,NSH,1208.97
18,1.4,1.0,0,1.0,4,44,41,3.2,32,2.49,Cooley,0,3,3,2,34,42,0,8483431,C,20242025,L,44,Logan Cooley,18,1.4,UTA,1047.86
21,2.07,0.0,1,1.0,3,32,31,3.05,12,1.18,Zuccarello,2,4,1,1,22,30,0,8475692,R,20242025,L,28,Mats Zuccarello,11,1.08,MIN,1140.93
12,1.53,0.0,0,0.0,2,31,20,2.56,18,2.3,Kurashev,1,2,0,0,17,20,1,8480798,C,20242025,L,17,Philipp Kurashev,11,1.41,CHI,905.12
29,5.96,0.0,0,0.0,1,24,10,2.05,21,4.31,Moverare,1,0,0,0,8,9,0,8479421,D,20242025,L,18,Jacob Moverare,4,0.82,LAK,729.79
7,2.57,0.0,0,0.0,0,21,7,2.57,49,18.03,MacEwen,1,0,0,0,8,9,0,8479772,R,20242025,R,12,Zack MacEwen,3,1.1,OTT,465.66
17,2.87,0.0,0,0.0,1,17,30,5.07,5,0.84,Lindholm,2,0,1,0,9,12,0,8476854,D,20242025,L,34,Hampus Lindholm,14,2.36,BOS,1251.35
12,1.23,0.0,0,0.0,3,39,20,2.05,17,1.74,Benson,0,3,3,0,30,37,0,8484145,L,20242025,L,18,Zach Benson,9,0.92,BUF,897.23
25,2.47,0.0,0,0.0,0,37,52,5.14,14,1.38,Gustafsson,0,1,4,1,28,34,0,8476979,D,20242025,L,48,Erik Gustafsson,5,0.49,DET,983.64
16,1.53,1.0,1,2.0,1,38,23,2.2,34,3.26,Paul,0,2,3,1,25,31,1,8477426,L,20242025,L,33,Nick Paul,9,0.86,TBL,987.02
22,1.79,0.0,0,0.0,3,46,28,2.28,45,3.66,Bertuzzi,2,5,5,0,41,54,0,8477479,L,20242025,L,15,Tyler Bertuzzi,15,1.22,CHI,960.78
45,4.15,1.0,0,1.0,2,45,35,3.23,27,2.49,Henrique,2,2,0,0,20,24,0,8474641,C,20242025,L,21,Adam Henrique,9,0.83,EDM,865.91
25,1.89,1.0,0,1.0,4,44,24,1.81,35,2.64,Stamkos,1,4,3,0,33,42,0,8474564,C,20242025,R,52,Steven Stamkos,10,0.75,NSH,1082.09
3,1.93,0.0,0,0.0,0,8,6,3.87,28,18.08,Dach,0,0,0,0,1,1,0,8482703,C,20242025,L,4,Colton Dach,3,1.93,CHI,696.75
26,1.7,0.0,0,0.0,4,46,45,2.95,21,1.37,Bedard,2,7,4,3,29,45,0,8484144,C,20242025,R,61,Connor Bedard,12,0.78,CHI,1192.52
13,1.06,1.0,0,1.0,3,47,36,2.95,72,5.91,Rodrigues,2,2,4,2,37,47,0,8478542,C,20242025,R,43,Evan Rodrigues,14,1.14,FLA,932.82
42,3.98,0.0,0,0.0,0,38,34,3.22,20,1.89,Valimaki,1,0,0,0,18,19,0,8479976,D,20242025,L,43,Juuso Valimaki,10,0.94,UTA,998.42
69,5.83,0.0,1,1.0,0,41,52,4.39,40,3.38,Peeke,0,1,0,0,23,24,0,8479369,D,20242025,R,35,Andrew Peeke,10,0.84,BOS,1037.87
39,4.46,1.0,0,1.0,0,25,28,3.2,39,4.46,Pelech,2,0,0,0,20,22,0,8476917,D,20242025,L,42,Adam Pelech,12,1.37,NYI,1257.76
8,0.95,0.0,0,0.0,0,36,19,2.26,12,1.43,Chytil,0,3,2,0,29,34,0,8480078,C,20242025,L,37,Filip Chytil,8,0.95,NYR,838.69
12,2.6,0.0,1,1.0,0,30,18,3.9,22,4.77,Dowling,0,1,2,0,12,15,0,8475413,C,20242025,L,13,Justin Dowling,6,1.3,NJD,552.9
6,2.57,0.0,0,0.0,0,12,6,2.57,1,0.42,Kapanen,0,0,0,0,6,6,0,8482775,C,20242025,R,8,Oliver Kapanen,0,0.0,MTL,697.75
72,4.38,1.0,0,1.0,1,42,56,3.41,22,1.34,Hedman,0,3,5,3,55,67,0,8475167,D,20242025,L,88,Victor Hedman,14,0.85,TBL,1406.73
24,1.78,3.0,1,4.0,3,45,40,2.97,29,2.15,Robertson,0,4,5,1,35,45,0,8480027,L,20242025,L,80,Jason Robertson,16,1.18,DAL,1077.24
30,1.91,4.0,0,4.0,2,45,49,3.13,17,1.08,Eichel,1,2,1,3,35,45,0,8478403,C,20242025,R,62,Jack Eichel,18,1.15,VGK,1250.68
24,1.8,0.0,2,2.0,2,41,41,3.08,18,1.35,Monahan,4,4,2,1,29,40,0,8477497,C,20242025,L,33,Sean Monahan,8,0.6,CBJ,1166.78
50,7.94,0.0,0,0.0,0,19,19,3.01,11,1.74,Martinez,0,2,1,2,7,12,0,8474166,D,20242025,L,29,Alec Martinez,5,0.79,CHI,1192.84
0,0.0, ,0, ,0,5,2,2.53,6,7.59,Gaunce,0,0,0,1,3,4,0,8476867,C,20242025,L,3,Brendan Gaunce,0,0.0,MIN,568.8
73,4.43,3.0,0,3.0,0,46,44,2.67,13,0.79,Slavin,0,5,6,2,44,57,0,8476958,D,20242025,L,64,Jaccob Slavin,39,2.37,CAR,1286.73
2,0.86,0.0,0,0.0,0,14,2,0.86,9,3.89,Stephens,0,0,0,0,7,7,0,8478477,C,20242025,R,5,Mitchell Stephens,1,0.43,SEA,594.64
47,3.94,3.0,1,4.0,2,46,24,2.01,83,6.97,Dowd,0,0,3,0,20,23,0,8475343,C,20242025,R,23,Nic Dowd,16,1.34,WSH,931.91
22,2.55,1.0,0,1.0,0,43,20,2.31,72,8.34,Cousins,0,0,1,0,22,23,0,8476393,C,20242025,L,24,Nick Cousins,5,0.57,OTT,721.93
18,2.09,0.0,0,0.0,0,42,24,2.79,72,8.39,Geekie,1,2,1,0,22,26,0,8483447,C,20242025,L,33,Conor Geekie,6,0.69,TBL,734.9
5,5.37, ,0, ,0,5,0,0.0,3,3.22,Hutton,0,0,0,0,2,2,0,8477018,D,20242025,L,1,Ben Hutton,0,0.0,VGK,670.0
75,6.16,0.0,1,1.0,1,42,41,3.36,14,1.15,Clarke,1,1,1,0,26,29,0,8482730,D,20242025,R,49,Brandt Clarke,17,1.39,LAK,1043.45
21,1.8,2.0,1,3.0,0,43,16,1.37,23,1.97,Suter,0,0,1,0,21,23,0,8480459,C,20242025,L,26,Pius Suter,13,1.11,VAN,973.16
1,1.86, ,0, ,0,2,1,1.86,4,7.44,Mackey,0,0,0,0,1,1,0,8482067,D,20242025,L,2,Connor Mackey,0,0.0,NYR,967.5
33,2.43,0.0,1,1.0,0,44,48,3.54,22,1.62,Malkin,1,4,1,1,25,33,0,8471215,C,20242025,L,55,Evgeni Malkin,16,1.18,PIT,1107.47
48,3.96,1.0,0,1.0,0,38,26,2.14,35,2.89,Pettersson,4,2,4,0,35,46,0,8480012,C,20242025,L,35,Elias Pettersson,17,1.4,VAN,1145.84
37,3.41,0.0,0,0.0,0,41,31,2.85,74,6.82,Lilleberg,0,1,0,3,22,26,0,8482929,D,20242025,L,43,Emil Lilleberg,6,0.55,TBL,951.85
89,5.03,0.0,0,0.0,1,43,51,2.88,30,1.69,Matheson,0,6,5,2,29,42,0,8476875,D,20242025,L,80,Mike Matheson,34,1.92,MTL,1479.53
26,1.99,1.0,1,2.0,1,46,41,3.14,27,2.07,Strome,1,6,5,0,30,42,0,8476458,C,20242025,R,33,Ryan Strome,11,0.84,ANA,1019.34
22,2.17,0.0,0,0.0,2,42,23,2.27,67,6.62,Haula,0,0,2,0,26,28,0,8475287,L,20242025,L,20,Erik Haula,9,0.88,NJD,867.16
18,1.32,4.0,5,9.0,6,42,41,3.01,46,3.37,Kempe,3,3,3,4,44,57,1,8477960,R,20242025,L,66,Adrian Kempe,7,0.51,LAK,1166.83
19,1.34,4.0,2,6.0,1,45,38,2.69,24,1.69,Raymond,0,2,1,2,42,47,1,8482078,L,20242025,R,61,Lucas Raymond,16,1.13,DET,1129.55
32,2.68,1.0,1,2.0,1,47,28,2.35,37,3.1,Perfetti,3,6,2,1,29,41,0,8482149,C,20242025,L,33,Cole Perfetti,11,0.92,WPG,911.82
1,5.17, ,0, ,0,1,1,5.17,0,0.0,Halonen,0,0,0,1,0,1,0,8483531,L,20242025,R,1,Brian Halonen,1,5.17,NJD,695.0
30,5.57,0.0,0,0.0,0,18,24,4.46,16,2.97,Oesterle,0,0,0,0,12,13,0,8477851,D,20242025,L,17,Jordan Oesterle,5,0.92,BOS,1075.33
12,0.89,2.0,3,5.0,4,46,71,5.26,92,6.82,Svechnikov,1,6,5,4,49,66,0,8480830,R,20242025,L,71,Andrei Svechnikov,14,1.03,CAR,1055.13
62,5.26,0.0,0,0.0,0,45,42,3.56,24,2.03,Malinski,0,0,2,0,23,25,0,8484258,D,20242025,R,75,Sam Malinski,13,1.1,COL,942.31
18,3.34,2.0,1,3.0,0,30,8,1.48,52,9.65,Lewis,1,1,2,0,16,20,0,8473453,C,20242025,R,10,Trevor Lewis,2,0.37,LAK,646.0
60,4.98,1.0,0,1.0,1,33,32,2.66,4,0.33,Fowler,0,1,0,0,7,8,0,8475764,D,20242025,L,46,Cam Fowler,8,0.66,ANA,1311.84
25,4.82,0.0,0,0.0,0,19,16,3.08,38,7.33,St. Ivany,1,0,0,1,8,10,0,8481030,D,20242025,R,13,Jack St. Ivany,7,1.35,PIT,982.05
23,2.88,1.0,0,1.0,1,41,27,3.39,58,7.28,Veleno,0,1,2,1,12,16,0,8480813,C,20242025,L,23,Joe Veleno,8,1.0,DET,698.92
55,3.42,0.0,0,0.0,2,41,38,2.36,59,3.67,Ekblad,6,3,3,0,46,58,0,8477932,D,20242025,R,77,Aaron Ekblad,14,0.87,FLA,1411.56
32,3.39,0.0,0,0.0,2,26,35,3.71,19,2.01,Dunn,0,0,0,1,19,20,1,8478407,D,20242025,L,47,Vince Dunn,10,1.06,SEA,1303.3
5,1.21,0.0,0,0.0,1,25,15,3.65,12,2.92,Vrana,1,1,2,0,13,17,0,8477944,L,20242025,L,10,Jakub Vrana,5,1.21,WSH,591.04
14,1.25,1.0,1,2.0,0,43,29,2.59,27,2.41,Stankoven,2,3,3,3,29,40,0,8482702,C,20242025,R,36,Logan Stankoven,11,0.98,DAL,937.0
101,6.89,0.0,0,0.0,0,47,57,3.89,49,3.34,Carlo,0,1,4,1,22,28,0,8478443,D,20242025,R,44,Brandon Carlo,12,0.81,BOS,1122.31
11,0.84,0.0,1,1.0,4,45,40,3.07,17,1.3,Duchene,1,4,2,0,34,42,1,8475168,C,20242025,L,42,Matt Duchene,13,0.99,DAL,1041.2
11,0.7,2.0,0,2.0,1,47,67,4.29,23,1.47,Pastrnak,1,3,3,4,48,59,3,8477956,R,20242025,R,106,David Pastrnak,23,1.47,BOS,1194.38
79,5.96,0.0,0,0.0,1,40,40,3.01,50,3.77,Lindgren,0,1,0,0,17,18,0,8479324,D,20242025,L,52,Ryan Lindgren,8,0.6,NYR,1192.6
2,1.01,0.0,0,0.0,0,9,2,1.01,5,2.54,Johnson,0,0,0,0,4,4,0,8474870,C,20242025,R,6,Tyler Johnson,0,0.0,BOS,784.66
1,1.37, ,0, ,0,4,1,1.37,1,1.37,Roy,0,0,0,0,4,4,0,8482749,R,20242025,L,1,Joshua Roy,1,1.37,MTL,656.5
21,1.68,2.0,3,5.0,3,46,31,2.49,12,0.96,Protas,1,4,4,0,36,45,1,8481656,C,20242025,L,20,Aliaksei Protas,14,1.12,WSH,974.1
70,4.7,0.0,1,1.0,0,46,40,2.69,55,3.7,Sandin,2,3,0,1,31,38,0,8480873,D,20242025,L,50,Rasmus Sandin,16,1.07,WSH,1163.28
6,7.92, ,0, ,0,3,1,1.32,6,7.92,Friedman,0,0,0,0,1,1,0,8478017,D,20242025,R,1,Mark Friedman,2,2.64,VAN,908.33
0,0.0,0.0,0,0.0,0,2,4,8.42,1,2.1,DeSimone,0,0,0,0,1,1,0,8480084,D,20242025,R,4,Nick DeSimone,0,0.0,UTA,854.5
3,3.8, ,0, ,0,3,3,3.8,4,5.07,Gudbranson,0,0,0,0,1,1,0,8475790,D,20242025,R,3,Erik Gudbranson,0,0.0,CBJ,946.33
12,2.56,0.0,0,0.0,0,15,14,2.99,10,2.13,Wilsby,0,0,0,0,5,5,0,8482482,D,20242025,L,27,Adam Wilsby,5,1.06,NSH,1123.2
29,5.23,0.0,0,0.0,1,21,13,2.34,28,5.05,Helleson,0,1,0,1,13,15,0,8481563,D,20242025,R,23,Drew Helleson,7,1.26,ANA,950.38
22,1.58,0.0,0,0.0,1,44,55,3.97,8,0.57,Schmaltz,1,1,5,2,34,43,0,8477951,C,20242025,R,60,Nick Schmaltz,17,1.22,UTA,1132.2
72,5.09,0.0,0,0.0,1,44,55,3.88,72,5.09,Soucy,0,2,1,1,18,22,0,8477369,D,20242025,L,47,Carson Soucy,12,0.84,VAN,1156.9
16,1.62,0.0,0,0.0,2,46,31,3.15,39,3.97,Raddysh,0,0,5,0,24,29,0,8479390,R,20242025,R,27,Taylor Raddysh,5,0.5,WSH,768.67
38,2.83,1.0,3,4.0,3,43,35,2.61,17,1.26,Cirelli,2,2,1,1,31,37,0,8478519,C,20242025,L,29,Anthony Cirelli,12,0.89,TBL,1121.74
11,2.72,0.0,0,0.0,0,15,16,3.96,18,4.46,Lamoureux,1,0,1,1,8,11,0,8483472,D,20242025,R,13,Maveric Lamoureux,3,0.74,UTA,967.46
29,2.49,0.0,0,0.0,0,42,35,3.0,100,8.59,Slafkovsky,0,3,4,1,33,42,0,8483515,L,20242025,L,36,Juraj Slafkovsky,6,0.51,MTL,997.83
23,2.12,0.0,1,1.0,2,44,25,2.31,67,6.19,Blueger,0,2,1,0,29,32,0,8476927,C,20242025,L,14,Teddy Blueger,13,1.2,VAN,885.29
19,2.31,0.0,2,2.0,1,24,34,4.13,20,2.43,Barzal,0,1,1,0,28,30,0,8478445,C,20242025,R,44,Mathew Barzal,7,0.85,NYI,1231.95
26,5.57,0.0,0,0.0,0,24,11,2.36,17,3.64,Harris,0,0,1,0,4,5,0,8480887,D,20242025,L,10,Jordan Harris,3,0.64,CBJ,699.08
2,10.74, ,0, ,0,1,0,0.0,0,0.0,Carlile,0,0,0,0,2,2,0,8483398,D,20242025,L,0,Declan Carlile,0,0.0,TBL,670.0
32,2.23,0.0,0,0.0,3,47,27,1.88,9,0.62,Vilardi,2,5,1,1,30,39,0,8480014,C,20242025,R,32,Gabriel Vilardi,18,1.25,WPG,1097.31
33,2.43,5.0,1,6.0,2,42,34,2.5,12,0.88,Kopitar,1,1,0,0,20,22,0,8471685,C,20242025,L,29,Anze Kopitar,21,1.54,LAK,1163.0
28,2.65,0.0,0,0.0,0,36,28,2.65,18,1.7,Raddysh,1,1,1,0,37,40,0,8478178,D,20242025,R,48,Darren Raddysh,3,0.28,TBL,1054.63
11,3.02, ,0, ,0,26,9,2.47,51,14.04,Jones,0,1,1,0,14,16,0,8480259,C,20242025,L,11,Ben Jones,2,0.55,MIN,502.92
33,2.44,2.0,0,2.0,1,46,39,2.88,15,1.11,Strome,0,4,2,0,32,39,0,8478440,C,20242025,L,30,Dylan Strome,14,1.03,WSH,1056.41
16,1.67,0.0,1,1.0,5,44,20,2.08,102,10.64,Boqvist,1,3,0,1,16,21,0,8480003,C,20242025,L,17,Jesper Boqvist,10,1.04,FLA,783.88
42,4.18,0.0,0,0.0,0,46,34,3.38,28,2.79,Christiansen,1,1,2,1,20,26,0,8481161,D,20242025,L,36,Jake Christiansen,7,0.69,CBJ,785.08
31,2.4,0.0,2,2.0,1,45,24,1.86,96,7.45,Bennett,2,4,3,2,44,55,0,8477935,C,20242025,L,49,Sam Bennett,16,1.24,FLA,1029.91
6,1.16,2.0,1,3.0,3,19,12,2.33,4,0.77,Seguin,1,3,1,1,13,19,0,8475794,C,20242025,R,26,Tyler Seguin,4,0.77,DAL,973.21
43,2.62,2.0,0,2.0,2,48,32,1.95,27,1.65,Hischier,2,7,1,2,37,50,0,8480002,C,20242025,L,53,Nico Hischier,16,0.97,NJD,1226.93
11,1.07,0.0,1,1.0,0,43,27,2.63,42,4.1,Kakko,1,3,3,0,18,25,0,8481554,R,20242025,L,33,Kaapo Kakko,9,0.87,NYR,856.44
16,1.42,0.0,0,0.0,2,41,25,2.22,75,6.67,Laferriere,0,3,3,2,49,57,0,8482155,R,20242025,R,49,Alex Laferriere,11,0.97,LAK,986.75
28,5.51,1.0,0,1.0,2,26,8,1.57,61,12.02,McGinn,0,0,0,0,8,8,0,8476934,L,20242025,L,10,Brock McGinn,7,1.37,ANA,702.5
9,0.89,0.0,0,0.0,1,43,37,3.66,4,0.39,Maccelli,1,3,1,4,38,47,0,8481711,L,20242025,L,49,Matias Maccelli,9,0.89,UTA,845.6
49,5.24,1.0,0,1.0,1,47,20,2.13,172,18.39,Hathaway,1,3,2,2,22,31,0,8477903,R,20242025,R,14,Garnet Hathaway,5,0.53,PHI,716.17
7,5.09,0.0,0,0.0,0,5,4,2.91,6,4.36,Mailloux,0,0,1,0,1,2,0,8482733,D,20242025,R,6,Logan Mailloux,0,0.0,MTL,989.6
3,7.83, ,0, ,0,2,1,2.61,4,10.44,Fleury,0,0,0,0,1,1,0,8479985,D,20242025,R,3,Cale Fleury,2,5.22,SEA,689.0
1,4.84, ,0, ,0,1,1,4.84,1,4.84,Misyul,0,0,0,0,0,0,0,8481536,D,20242025,L,1,Daniil Misyul,0,0.0,NJD,743.0
131,8.54,2.0,0,2.0,0,45,52,3.39,93,6.06,Trouba,0,2,0,0,27,29,0,8476885,D,20242025,R,62,Jacob Trouba,14,0.91,NYR,1226.95
58,4.44,0.0,0,0.0,0,38,27,2.06,61,4.67,Edmundson,0,1,1,0,32,34,0,8476441,D,20242025,L,40,Joel Edmundson,10,0.76,LAK,1235.84
11,4.3,0.0,0,0.0,0,15,6,2.34,37,14.48,Gilbert,0,0,0,0,2,2,0,8478502,D,20242025,L,7,Dennis Gilbert,1,0.39,BUF,613.13
9,3.39, ,0, ,1,23,4,1.5,47,17.73,Wagner,0,0,0,0,12,12,0,8475780,R,20242025,R,7,Chris Wagner,1,0.37,COL,414.69
14,1.24,2.0,1,3.0,4,40,32,2.85,18,1.6,Coronato,1,2,1,0,39,43,1,8482679,R,20242025,R,51,Matt Coronato,10,0.89,CGY,1010.22
68,3.88,0.0,0,0.0,1,45,42,2.39,46,2.62,Byram,0,2,1,1,18,22,0,8481524,D,20242025,L,35,Bowen Byram,13,0.74,BUF,1400.62
8,0.69,0.0,0,0.0,1,40,45,3.89,9,0.77,Kane,0,6,5,0,29,42,1,8474141,R,20242025,L,50,Patrick Kane,9,0.77,DET,1040.85
47,4.4,0.0,0,0.0,0,35,57,5.33,80,7.49,Manson,0,0,3,0,17,20,0,8476312,D,20242025,R,58,Josh Manson,16,1.49,COL,1098.34
0,0.0, ,0, ,0,4,0,0.0,11,14.97,Steeves,0,0,0,0,2,2,0,8482634,C,20242025,L,1,Alex Steeves,0,0.0,TOR,661.25
39,4.37,2.0,0,2.0,0,26,33,3.7,27,3.02,Samberg,0,0,0,0,16,16,0,8480049,D,20242025,L,34,Dylan Samberg,15,1.68,WPG,1234.42
10,1.67,1.0,0,1.0,1,21,12,2.01,32,5.37,Chinakhov,1,1,1,2,17,22,0,8482475,R,20242025,L,24,Yegor Chinakhov,3,0.5,CBJ,1021.23
9,1.11,0.0,1,1.0,2,39,21,2.59,14,1.72,van Riemsdyk,0,2,0,0,16,18,0,8474037,L,20242025,L,13,James van Riemsdyk,4,0.49,CBJ,747.41
9,2.06,0.0,0,0.0,1,26,16,3.66,14,3.2,Vesey,0,0,1,0,10,11,0,8476918,L,20242025,L,11,Jimmy Vesey,5,1.14,NYR,604.3
12,2.12,0.0,0,0.0,0,28,13,2.29,47,8.3,Joseph,0,0,2,0,11,13,0,8478472,R,20242025,L,16,Mathieu Joseph,10,1.76,STL,727.67
105,5.44,2.0,0,2.0,1,47,70,3.63,38,1.97,Sanheim,0,1,3,3,38,45,0,8477948,D,20242025,L,55,Travis Sanheim,31,1.6,PHI,1476.34
6,0.74,0.0,0,0.0,0,42,25,3.09,73,9.03,Maroon,2,0,0,1,17,20,0,8474034,L,20242025,L,13,Patrick Maroon,3,0.37,CHI,692.38
18,1.26,1.0,0,1.0,2,47,50,3.5,66,4.63,Verhaeghe,3,4,5,2,50,64,0,8477409,C,20242025,L,89,Carter Verhaeghe,16,1.12,FLA,1091.53
0,0.0, ,0, ,0,3,1,2.49,3,7.49,Tufte,0,0,0,0,0,0,0,8479362,L,20242025,L,0,Riley Tufte,0,0.0,BOS,480.33
22,2.13,1.0,1,2.0,1,44,26,2.52,37,3.58,Eller,0,1,0,0,22,23,0,8474189,C,20242025,L,37,Lars Eller,8,0.77,PIT,843.56
5,3.03,0.0,0,0.0,1,10,3,1.82,5,3.03,Puustinen,0,0,0,0,2,2,0,8481703,R,20242025,R,2,Valtteri Puustinen,3,1.82,PIT,593.3
36,2.94,2.0,1,3.0,1,47,26,2.12,102,8.35,Luostarinen,0,3,3,0,28,35,0,8480185,C,20242025,L,24,Eetu Luostarinen,14,1.14,FLA,935.23
60,3.7,1.0,0,1.0,0,42,53,3.27,49,3.02,Faulk,2,1,0,1,29,33,0,8475753,D,20242025,R,66,Justin Faulk,15,0.92,STL,1388.76
33,4.46,0.0,0,0.0,0,36,18,2.43,18,2.43,Pyyhtia,0,0,3,0,7,10,0,8482451,L,20242025,L,21,Mikael Pyyhtia,4,0.54,CBJ,739.38
6,3.47,0.0,0,0.0,0,8,5,2.89,16,9.26,Ludvig,0,0,0,0,1,1,0,8481206,D,20242025,L,3,John Ludvig,1,0.57,COL,777.0
17,2.99,0.0,0,0.0,1,23,11,1.93,13,2.29,Pickering,0,1,0,1,9,11,0,8483503,D,20242025,L,23,Owen Pickering,5,0.88,PIT,887.65
76,3.7,1.0,0,1.0,2,46,69,3.36,12,0.58,Werenski,5,11,5,1,50,72,1,8478460,D,20242025,L,101,Zach Werenski,29,1.41,CBJ,1603.82
17,2.29,0.0,0,0.0,0,45,17,2.29,53,7.15,MacLean,0,0,2,0,14,16,0,8481237,C,20242025,L,14,Kyle MacLean,7,0.94,NYI,592.42
57,4.3,0.0,1,1.0,1,35,42,3.17,31,2.34,Walman,1,2,4,0,40,47,0,8478013,D,20242025,L,73,Jake Walman,19,1.43,SJS,1362.14
23,2.56,0.0,0,0.0,0,23,29,3.23,40,4.45,Hronek,1,0,4,0,23,28,0,8479425,D,20242025,R,32,Filip Hronek,8,0.89,VAN,1405.26
15,1.25,0.0,0,0.0,4,45,41,3.42,46,3.84,Zucker,3,2,4,0,43,52,0,8475722,L,20242025,L,28,Jason Zucker,13,1.08,BUF,957.28
8,2.51,0.0,0,0.0,0,24,13,4.09,32,10.07,Burroughs,0,0,0,0,3,3,0,8477335,D,20242025,R,9,Kyle Burroughs,3,0.94,LAK,476.29
16,4.31, ,0, ,0,18,9,2.42,6,1.61,Dermott,0,0,1,1,4,6,0,8478408,D,20242025,L,10,Travis Dermott,3,0.8,EDM,742.11
21,1.56,0.0,0,0.0,1,46,43,3.2,22,1.63,McMichael,1,6,5,3,39,56,0,8481580,C,20242025,L,37,Connor McMichael,15,1.11,WSH,1051.13
23,1.68,0.0,0,0.0,2,46,51,3.73,26,1.9,Kyrou,2,4,0,3,43,52,0,8479385,C,20242025,R,86,Jordan Kyrou,14,1.02,STL,1069.65
54,3.43,0.0,0,0.0,0,45,52,3.31,41,2.6,Jensen,1,0,3,1,28,33,0,8475324,D,20242025,R,58,Nick Jensen,15,0.95,OTT,1256.77
5,0.9,0.0,0,0.0,2,31,12,2.17,16,2.89,Hayes,2,4,0,1,15,23,0,8475763,R,20242025,L,16,Kevin Hayes,6,1.08,PIT,640.9
69,3.9,2.0,0,2.0,1,45,72,4.07,17,0.96,Bouchard,2,2,1,1,44,50,0,8480803,D,20242025,R,125,Evan Bouchard,28,1.58,EDM,1412.02
56,3.4,1.0,1,2.0,0,45,72,4.37,5,0.3,Theodore,3,6,2,0,24,35,0,8477447,D,20242025,L,112,Shea Theodore,22,1.33,VGK,1316.46
1,1.58, ,0, ,0,2,1,1.58,0,0.0,Marino,0,0,0,0,2,2,0,8478507,D,20242025,R,1,John Marino,0,0.0,UTA,1139.0
26,2.53,3.0,1,4.0,2,43,10,0.97,46,4.48,Cates,1,1,1,0,21,24,0,8480220,L,20242025,L,31,Noah Cates,11,1.07,PHI,859.41
8,2.85,0.0,1,1.0,0,18,11,3.92,28,9.99,Miroshnichenko,1,0,1,1,8,11,0,8483491,L,20242025,R,7,Ivan Miroshnichenko,3,1.07,WSH,560.55
84,5.42,0.0,0,0.0,0,44,52,3.35,61,3.94,Chiarot,0,1,1,2,26,30,0,8475279,D,20242025,L,56,Ben Chiarot,18,1.16,DET,1266.25
28,2.02,1.0,1,2.0,3,44,63,4.56,87,6.29,Forsberg,4,8,8,2,68,91,0,8476887,L,20242025,R,92,Filip Forsberg,26,1.88,NSH,1130.22
10,3.44,0.0,0,0.0,1,19,8,2.75,36,12.39,Lee,1,1,0,0,4,6,0,8481732,L,20242025,L,7,Andre Lee,4,1.37,LAK,550.26
4,2.89,0.0,0,0.0,0,8,3,2.17,13,9.4,Winterton,0,0,0,0,0,0,0,8482751,C,20242025,R,4,Ryan Winterton,0,0.0,SEA,622.0
89,6.57,0.0,0,0.0,0,46,40,2.95,5,0.36,van Riemsdyk,0,1,1,1,28,31,0,8477845,D,20242025,R,51,Trevor van Riemsdyk,15,1.1,WSH,1058.56
13,2.06,0.0,0,0.0,0,43,10,1.59,74,11.78,Lomberg,0,1,0,0,14,16,0,8479066,L,20242025,L,14,Ryan Lomberg,10,1.59,CGY,525.81
41,3.35,5.0,1,6.0,2,47,29,2.37,88,7.19,Lowry,1,3,1,1,33,42,1,8476392,C,20242025,L,23,Adam Lowry,16,1.3,WPG,936.93
15,3.51,0.0,0,0.0,3,17,9,2.1,12,2.81,Laine,0,2,3,1,14,20,0,8479339,L,20242025,R,18,Patrik Laine,5,1.17,MTL,903.76
16,1.36,0.0,1,1.0,0,44,30,2.55,24,2.04,Johansson,1,0,1,1,24,27,0,8475149,L,20242025,L,36,Marcus Johansson,10,0.85,MIN,959.95
25,1.68,1.0,0,1.0,3,45,35,2.36,17,1.14,Stephenson,0,2,0,0,18,20,0,8476905,C,20242025,L,21,Chandler Stephenson,19,1.28,SEA,1185.04
52,4.21,0.0,0,0.0,0,46,36,2.91,46,3.72,Walker,1,1,1,2,42,47,0,8480336,D,20242025,R,82,Sean Walker,23,1.86,CAR,966.58
26,2.07,1.0,0,1.0,2,46,33,2.63,11,0.87,Dorofeyev,2,3,2,0,33,41,0,8481604,L,20242025,L,42,Pavel Dorofeyev,14,1.11,VGK,978.5
99,8.34,0.0,0,0.0,0,39,29,2.44,33,2.78,Savard,1,1,0,0,12,14,0,8475233,D,20242025,R,19,David Savard,9,0.75,MTL,1095.64
21,5.77,1.0,0,1.0,0,12,7,1.92,7,1.92,Mateychuk,1,0,0,0,5,6,0,8483485,D,20242025,L,10,Denton Mateychuk,4,1.1,CBJ,1090.25
78,3.88,2.0,1,3.0,3,47,62,3.09,39,1.94,Makar,3,7,5,6,53,74,0,8480069,D,20242025,R,122,Cale Makar,39,1.94,COL,1536.85
40,3.89,1.0,1,2.0,1,44,17,1.65,29,2.82,Lundestrom,1,0,1,0,17,19,0,8480806,C,20242025,L,8,Isac Lundestrom,11,1.07,ANA,840.65
24,3.18,0.0,0,0.0,0,39,20,2.65,121,16.03,Jeannot,0,0,0,1,22,23,0,8479661,L,20242025,L,20,Tanner Jeannot,2,0.26,LAK,696.61
30,3.13,0.0,0,0.0,1,43,39,4.06,34,3.54,Wright,0,1,2,0,29,32,0,8483524,C,20242025,R,24,Shane Wright,7,0.73,SEA,802.32
21,4.05,0.0,0,0.0,0,33,11,2.12,24,4.63,Ryan,0,0,1,0,8,9,0,8478585,C,20242025,R,10,Derek Ryan,9,1.73,EDM,564.63
3,2.7, ,0, ,0,6,3,2.7,0,0.0,Burke,0,0,0,1,2,3,0,8482250,C,20242025,R,1,Callahan Burke,0,0.0,VGK,664.33
15,1.93,0.0,0,0.0,2,40,20,2.58,53,6.84,Blackwell,1,0,0,2,12,16,0,8476278,C,20242025,R,26,Colin Blackwell,12,1.55,DAL,696.55
34,3.14,0.0,0,0.0,2,43,31,2.86,31,2.86,Frost,0,0,4,0,25,29,0,8480028,C,20242025,L,28,Morgan Frost,17,1.57,PHI,905.53
11,1.65,0.0,0,0.0,1,25,15,2.26,10,1.5,Olofsson,0,2,2,1,17,22,0,8478109,L,20242025,L,36,Victor Olofsson,7,1.05,VGK,955.32
82,6.71,0.0,0,0.0,1,36,56,4.58,32,2.62,Fabbro,0,0,0,2,19,21,0,8479371,D,20242025,R,47,Dante Fabbro,15,1.22,NSH,1221.02
8,3.47,0.0,0,0.0,0,9,8,3.47,8,3.47,Barrie,0,0,0,0,3,3,0,8475197,D,20242025,R,10,Tyson Barrie,2,0.86,CGY,919.88
19,2.01,0.0,0,0.0,3,47,15,1.59,73,7.74,Beauvillier,0,2,1,5,26,35,0,8478463,L,20242025,L,32,Anthony Beauvillier,11,1.16,PIT,722.25
69,4.57,1.0,1,2.0,0,45,50,3.31,18,1.19,Kulak,0,2,2,1,19,24,0,8476967,D,20242025,L,47,Brett Kulak,13,0.86,EDM,1205.88
33,3.43,0.0,1,1.0,2,44,23,2.39,148,15.4,McBain,1,2,0,3,22,28,0,8480855,C,20242025,L,25,Jack McBain,9,0.93,UTA,785.86
4,3.41,0.0,0,0.0,0,5,8,6.82,2,1.7,Vlasic,0,0,0,0,1,1,0,8471709,D,20242025,L,2,Marc-Edouard Vlasic,0,0.0,SJS,844.0
24,1.65,1.0,0,1.0,1,45,32,2.2,27,1.85,Johnston,3,2,1,0,48,54,0,8482740,C,20242025,R,63,Wyatt Johnston,20,1.37,DAL,1162.6
25,1.93,2.0,1,3.0,1,44,38,2.93,55,4.25,Sillinger,0,1,0,2,27,30,0,8482705,C,20242025,L,38,Cole Sillinger,16,1.23,CBJ,1057.84
0,0.0, ,0, ,0,1,0,0.0,1,7.96,Jenik,0,0,0,0,0,0,0,8480890,C,20242025,L,1,Jan Jenik,0,0.0,OTT,452.0
52,4.7,0.0,0,0.0,0,32,28,2.53,27,2.44,Spurgeon,1,1,4,0,15,21,1,8474716,D,20242025,R,39,Jared Spurgeon,13,1.17,MIN,1242.81
19,1.49,0.0,0,0.0,2,46,39,3.06,9,0.7,Teravainen,2,1,0,0,22,25,0,8476882,C,20242025,L,30,Teuvo Teravainen,8,0.62,CHI,994.5
0,0.0, ,0, ,0,7,1,0.84,7,5.89,Brisson,0,0,0,1,4,5,0,8482153,C,20242025,L,4,Brendan Brisson,1,0.84,VGK,610.57
18,1.28,1.0,1,2.0,1,45,37,2.63,31,2.2,Kadri,1,3,5,2,39,50,0,8475172,C,20242025,L,83,Nazem Kadri,18,1.28,CGY,1123.71
31,2.6,0.0,0,0.0,1,45,47,3.95,49,4.12,Schmidt,1,0,1,1,21,24,0,8477220,D,20242025,L,42,Nate Schmidt,16,1.34,FLA,950.95
21,1.67,2.0,2,4.0,3,35,25,1.99,16,1.27,Lehkonen,1,3,4,0,36,44,0,8477476,L,20242025,L,30,Artturi Lehkonen,8,0.63,COL,1288.97
51,4.07,0.0,0,0.0,3,45,48,3.83,49,3.91,Bogosian,0,1,1,2,23,27,0,8474567,D,20242025,R,43,Zach Bogosian,13,1.03,MIN,1000.22
15,1.94,0.0,0,0.0,0,42,20,2.59,62,8.03,Eyssimont,0,0,0,0,26,26,0,8479591,C,20242025,L,29,Michael Eyssimont,4,0.51,TBL,661.78
10,7.29,0.0,0,0.0,0,7,2,1.45,13,9.47,Brown,0,0,0,0,3,3,0,8477384,D,20242025,R,5,Joshua Brown,0,0.0,EDM,705.28
39,2.69,0.0,0,0.0,1,46,43,2.97,40,2.76,Chatfield,0,1,3,5,41,50,0,8478970,D,20242025,R,62,Jalen Chatfield,15,1.03,CAR,1131.6
0,0.0,0.0,0,0.0,0,5,1,1.12,8,8.97,Aman,0,1,0,0,0,1,0,8482496,C,20242025,L,2,Nils Aman,0,0.0,VAN,642.0
11,1.4,0.0,1,1.0,3,44,14,1.78,99,12.62,Koepke,1,1,2,0,20,24,0,8481043,L,20242025,L,21,Cole Koepke,6,0.76,BOS,641.59
2,10.32, ,0, ,0,1,0,0.0,1,5.16,Santini,0,0,0,0,2,2,0,8477463,D,20242025,R,0,Steven Santini,0,0.0,TBL,697.0
34,4.05,0.0,0,0.0,0,28,19,2.26,127,15.14,Lauzon,0,0,1,0,14,15,0,8478468,D,20242025,L,30,Jeremy Lauzon,4,0.47,NSH,1078.28
97,5.52,1.0,0,1.0,1,45,86,4.89,119,6.77,Weegar,1,1,7,1,42,52,0,8477346,D,20242025,R,92,MacKenzie Weegar,31,1.76,CGY,1405.04
40,5.41,0.0,0,0.0,1,42,22,2.97,103,13.94,Malenstyn,1,1,2,1,17,22,0,8479359,L,20242025,L,17,Beck Malenstyn,5,0.67,BUF,633.02
13,2.05,0.0,0,0.0,0,33,10,1.58,65,10.28,Fischer,0,1,0,0,12,13,0,8478432,R,20242025,R,13,Christian Fischer,4,0.63,DET,689.39
14,1.94,0.0,1,1.0,2,34,22,3.05,29,4.03,Kampf,0,0,0,0,9,9,0,8480144,C,20242025,L,6,David Kampf,9,1.25,TOR,761.29
26,2.3,1.0,0,1.0,1,44,24,2.12,13,1.15,Hayton,1,2,6,4,35,48,0,8480849,C,20242025,L,31,Barrett Hayton,9,0.79,UTA,924.02
74,4.8,2.0,0,2.0,0,42,55,3.57,50,3.24,Pettersson,0,0,0,1,35,36,0,8477969,D,20242025,L,50,Marcus Pettersson,21,1.36,PIT,1320.33
14,5.45, ,0, ,0,10,8,3.11,7,2.72,Mukhamadullin,0,0,0,0,8,8,0,8482166,D,20242025,L,10,Shakir Mukhamadullin,3,1.16,SJS,923.9
20,2.84,0.0,0,0.0,0,43,21,2.99,54,7.68,Kupari,0,0,0,1,15,16,0,8480845,C,20242025,R,16,Rasmus Kupari,7,0.99,WPG,587.93
16,1.27,1.0,1,2.0,5,40,19,1.51,40,3.18,Thompson,1,8,4,1,48,63,0,8479420,C,20242025,R,82,Tage Thompson,14,1.11,BUF,1131.92
0,0.0, ,0, ,0,4,1,1.06,6,6.4,Luchanko,0,0,0,1,2,3,0,8484779,C,20242025,R,4,Jett Luchanko,1,1.06,PHI,843.25
4,9.34, ,0, ,0,3,0,0.0,11,25.69,Hayden,0,0,0,0,1,1,0,8477401,C,20242025,R,2,John Hayden,0,0.0,SEA,513.66
7,0.54,0.0,0,0.0,1,43,43,3.36,19,1.48,Peterka,5,5,1,1,46,59,0,8482175,R,20242025,L,67,JJ Peterka,11,0.86,BUF,1070.23
24,3.62,1.0,0,1.0,0,22,19,2.86,23,3.46,Blankenburg,0,2,0,1,15,18,1,8483565,D,20242025,R,25,Nick Blankenburg,7,1.05,NSH,1084.77
15,3.74,1.0,0,1.0,0,24,10,2.49,48,11.99,Lauko,0,1,0,0,11,12,0,8480880,C,20242025,L,7,Jakub Lauko,4,0.99,MIN,600.12
23,2.94,1.0,0,1.0,2,36,17,2.17,16,2.05,Drury,0,5,1,0,27,33,0,8480835,C,20242025,L,23,Jack Drury,4,0.51,CAR,779.91
11,1.51,0.0,0,0.0,2,32,24,3.31,89,12.27,Pacioretty,0,2,1,0,28,31,0,8474157,L,20242025,L,20,Max Pacioretty,4,0.55,TOR,815.56
2,14.96, ,0, ,0,1,0,0.0,0,0.0,Hunt,0,0,0,0,1,1,0,8482094,D,20242025,L,2,Daemon Hunt,1,7.48,MIN,481.0
0,0.0, ,0, ,0,1,2,8.46,0,0.0,Callahan,0,0,0,0,0,0,0,8480828,D,20242025,L,0,Michael Callahan,0,0.0,BOS,851.0
16,2.21,0.0,0,0.0,0,26,25,3.45,14,1.93,Jones,0,1,2,1,18,22,0,8481708,D,20242025,L,13,Zac Jones,7,0.96,NYR,1001.92
3,1.06, ,0, ,0,19,13,4.59,11,3.88,Fasching,0,0,2,0,8,10,0,8477392,R,20242025,R,6,Hudson Fasching,5,1.76,NYI,536.15
28,5.36, ,0, ,0,17,21,4.02,32,6.13,Crevier,0,0,0,0,8,8,0,8481806,D,20242025,R,15,Louis Crevier,2,0.38,CHI,1105.05
16,2.04,0.0,0,0.0,1,38,32,4.09,44,5.63,Bolduc,0,1,2,0,28,31,0,8482737,C,20242025,L,41,Zack Bolduc,11,1.4,STL,740.21
4,5.0, ,0, ,0,5,1,1.25,5,6.25,Athanasiou,0,0,0,0,1,1,0,8476960,C,20242025,L,3,Andreas Athanasiou,1,1.25,CHI,575.6
23,1.66,1.0,0,1.0,5,45,32,2.31,31,2.24,Rossi,0,6,1,2,35,45,0,8482079,C,20242025,L,33,Marco Rossi,10,0.72,MIN,1103.46
6,3.02,0.0,0,0.0,0,10,12,6.05,10,5.04,Jiricek,0,0,0,0,4,4,0,8483460,D,20242025,R,9,David Jiricek,3,1.51,CBJ,713.3
0,0.0, ,0, ,0,2,1,4.28,6,25.71,Watson,0,0,0,0,0,0,0,8475766,L,20242025,R,0,Austin Watson,0,0.0,DET,420.0
23,3.91,0.0,0,0.0,1,33,23,3.91,82,13.94,Harkins,0,1,1,1,8,11,0,8478424,C,20242025,L,15,Jansen Harkins,12,2.04,ANA,641.42
19,1.74,0.0,0,0.0,3,40,26,2.39,16,1.47,Carlsson,2,1,2,0,23,28,1,8484153,C,20242025,L,28,Leo Carlsson,7,0.64,ANA,977.42
16,2.35,0.0,1,1.0,0,24,19,2.8,23,3.39,Zegras,1,3,0,1,15,20,0,8481533,C,20242025,L,19,Trevor Zegras,7,1.03,ANA,1017.2
7,0.49,1.0,3,4.0,3,43,52,3.67,11,0.77,Panarin,5,8,5,4,66,88,0,8478550,L,20242025,R,101,Artemi Panarin,10,0.7,NYR,1186.16
17,1.14,4.0,2,6.0,5,42,70,4.7,17,1.14,Kucherov,1,6,0,5,48,60,0,8476453,R,20242025,L,96,Nikita Kucherov,13,0.87,TBL,1274.59
0,0.0, ,0, ,0,1,0,0.0,5,35.5,Denisenko,0,0,0,0,1,1,0,8480844,L,20242025,R,1,Grigori Denisenko,0,0.0,VGK,507.0
13,1.01,0.0,0,0.0,1,40,26,2.02,35,2.72,Hyman,1,2,3,1,44,51,0,8475786,L,20242025,R,37,Zach Hyman,9,0.7,EDM,1155.42
27,2.55,1.0,1,2.0,1,37,32,3.02,13,1.22,Karlsson,0,0,3,2,42,47,0,8476448,C,20242025,L,46,William Karlsson,11,1.03,VGK,1030.02
28,4.4,0.0,0,0.0,0,37,9,1.41,20,3.14,Wahlstrom,1,1,1,2,10,15,0,8480789,R,20242025,R,22,Oliver Wahlstrom,4,0.62,NYI,618.56
22,2.06,2.0,0,2.0,1,45,24,2.25,102,9.57,Anderson,1,2,1,1,29,34,0,8476981,R,20242025,R,23,Josh Anderson,8,0.75,MTL,851.8
66,4.95,0.0,0,0.0,0,39,37,2.77,30,2.25,LaCombe,1,2,1,1,16,21,0,8481605,D,20242025,L,38,Jackson LaCombe,21,1.57,ANA,1229.25
2,1.88, ,0, ,0,10,2,1.88,10,9.42,Prishchepov,0,1,0,0,2,3,0,8485105,C,20242025,L,3,Nikita Prishchepov,0,0.0,COL,382.0
8,2.55,0.0,0,0.0,0,22,7,2.23,71,22.65,Helenius,0,0,1,0,9,10,0,8482726,C,20242025,L,10,Samuel Helenius,1,0.31,LAK,512.9
27,2.34,1.0,1,2.0,1,44,29,2.51,34,2.95,Smith,1,3,2,2,22,30,0,8475191,R,20242025,L,21,Reilly Smith,16,1.38,NYR,942.47
22,4.13,0.0,0,0.0,0,18,17,3.19,13,2.44,Forbort,0,0,2,1,6,9,0,8475762,D,20242025,L,24,Derek Forbort,6,1.12,VAN,1063.72
2,3.76, ,0, ,0,2,5,9.4,1,1.88,Lagesson,0,0,0,0,1,1,0,8478021,D,20242025,L,1,William Lagesson,0,0.0,DET,957.0
2,2.21,0.0,0,0.0,0,4,5,5.53,3,3.32,Kerins,0,1,0,0,4,5,0,8482209,C,20242025,L,5,Rory Kerins,0,0.0,CGY,812.75
94,5.76,2.0,1,3.0,0,45,53,3.25,32,1.96,Lindell,1,0,0,0,25,26,0,8476902,D,20242025,L,45,Esa Lindell,24,1.47,DAL,1303.91
28,1.78,2.0,2,4.0,5,47,52,3.3,5,0.31,Connor,2,9,0,1,37,49,1,8478398,L,20242025,L,74,Kyle Connor,16,1.01,WPG,1204.68
0,0.0,0.0,0,0.0,0,6,7,6.93,8,7.92,Poulin,0,0,0,0,5,5,0,8481591,R,20242025,L,1,Sam Poulin,2,1.98,PIT,605.83
9,0.77,1.0,0,1.0,1,45,33,2.84,45,3.87,Bjorkstrand,0,6,2,3,26,37,0,8477416,R,20242025,R,44,Oliver Bjorkstrand,15,1.29,SEA,928.2
19,2.34,2.0,0,2.0,0,35,21,2.59,38,4.68,Amadio,2,4,0,1,21,28,0,8478020,R,20242025,R,16,Michael Amadio,13,1.6,OTT,833.54
22,1.88,0.0,2,2.0,1,45,34,2.9,13,1.11,McLeod,0,1,3,1,23,28,0,8480802,C,20242025,L,23,Ryan McLeod,13,1.11,BUF,934.86
39,2.96,1.0,3,4.0,3,45,48,3.65,90,6.85,Coleman,1,4,0,2,45,52,0,8476399,C,20242025,L,45,Blake Coleman,21,1.59,CGY,1050.86
69,4.11,0.0,0,0.0,1,45,41,2.44,15,0.89,Power,1,2,3,2,34,42,0,8482671,D,20242025,L,52,Owen Power,16,0.95,BUF,1340.44
54,3.16,0.0,0,0.0,0,41,54,3.16,15,0.87,Faber,0,2,2,1,27,32,1,8482122,D,20242025,R,57,Brock Faber,14,0.82,MIN,1497.97
23,1.95,0.0,0,0.0,2,47,14,1.18,45,3.82,O'Connor,1,4,2,0,19,26,0,8481186,R,20242025,R,21,Logan O'Connor,10,0.84,COL,902.0
77,5.76,0.0,0,0.0,1,38,38,2.84,74,5.54,McCabe,2,2,1,0,10,15,0,8476931,D,20242025,L,45,Jake McCabe,4,0.29,TOR,1265.36
4,2.56, ,0, ,0,13,1,0.64,17,10.89,Innala,0,1,0,0,7,8,0,8484976,L,20242025,L,3,Jere Innala,1,0.64,COL,432.15
40,4.28,0.0,0,0.0,0,35,31,3.32,46,4.93,Hague,0,0,1,0,14,15,0,8479980,D,20242025,L,28,Nicolas Hague,9,0.96,VGK,959.28
24,2.21,0.0,1,1.0,5,40,25,2.3,22,2.02,Guenther,4,1,5,1,58,69,1,8482699,R,20242025,R,70,Dylan Guenther,12,1.1,UTA,976.05
15,1.56,0.0,1,1.0,2,38,28,2.91,20,2.08,Quinn,4,3,6,1,32,46,0,8482097,R,20242025,R,36,Jack Quinn,5,0.52,BUF,908.71
7,1.69,0.0,0,0.0,1,27,7,1.69,14,3.38,Atkinson,0,0,0,1,7,8,0,8474715,R,20242025,R,7,Cam Atkinson,3,0.72,TBL,550.96
18,1.87,0.0,0,0.0,2,44,20,2.08,73,7.6,Krebs,3,4,2,0,25,34,0,8481522,C,20242025,L,38,Peyton Krebs,4,0.41,BUF,785.2
9,1.37,0.0,0,0.0,0,38,18,2.75,12,1.83,Ivan,0,1,0,0,15,16,0,8483930,C,20242025,L,14,Ivan Ivan,2,0.3,COL,619.57
14,3.17,0.0,0,0.0,0,27,17,3.85,12,2.72,Lapierre,0,0,0,1,9,10,0,8482148,C,20242025,L,9,Hendrix Lapierre,5,1.13,WSH,587.77
30,3.95,0.0,0,0.0,0,28,24,3.16,10,1.31,George,0,0,0,0,10,10,0,8483448,D,20242025,L,34,Isaiah George,6,0.79,NYI,976.07
26,4.86,1.0,0,1.0,0,19,22,4.11,48,8.97,Myers,0,1,0,1,15,17,0,8479026,D,20242025,R,32,Philippe Myers,9,1.68,TOR,1013.47
5,3.64, ,0, ,0,13,2,1.45,20,14.59,Smith,0,0,0,0,2,2,0,8479379,R,20242025,L,3,Givani Smith,2,1.45,SJS,379.53
1,2.94, ,0, ,0,2,0,0.0,4,11.77,Wiesblatt,0,0,0,0,1,1,0,8482103,C,20242025,R,0,Ozzy Wiesblatt,0,0.0,NSH,611.5
32,3.1,0.0,0,0.0,0,46,21,2.04,140,13.6,Kolesar,1,2,2,2,24,31,0,8478434,R,20242025,R,15,Keegan Kolesar,9,0.87,VGK,805.3
7,3.19, ,0, ,0,12,5,2.27,26,11.84,Colangelo,0,0,0,0,8,8,0,8482118,R,20242025,R,8,Sam Colangelo,0,0.0,ANA,658.25
12,0.94,1.0,1,2.0,1,42,32,2.52,37,2.91,Byfield,2,3,2,1,39,47,1,8482124,R,20242025,L,46,Quinton Byfield,15,1.18,LAK,1086.11
42,3.54,0.0,0,0.0,3,37,38,3.2,23,1.94,Zellweger,1,6,3,0,27,37,0,8482803,D,20242025,L,70,Olen Zellweger,13,1.09,ANA,1153.45
60,3.83,1.0,1,2.0,0,47,67,4.27,130,8.3,Zadorov,2,2,4,0,24,32,0,8477507,D,20242025,L,47,Nikita Zadorov,14,0.89,BOS,1199.31
60,5.59,1.0,0,1.0,0,43,20,1.86,65,6.06,Emberson,1,2,0,0,18,21,0,8480834,D,20242025,R,37,Ty Emberson,22,2.05,EDM,897.25
26,2.14,1.0,0,1.0,1,42,28,2.31,90,7.43,Pageau,1,4,2,0,20,27,0,8476419,C,20242025,R,31,Jean-Gabriel Pageau,11,0.9,NYI,1037.52
53,4.84,0.0,0,0.0,1,45,38,3.47,59,5.39,Kleven,0,1,1,0,13,15,0,8482095,D,20242025,L,44,Tyler Kleven,16,1.46,OTT,874.71
26,8.95,0.0,0,0.0,0,16,17,5.85,20,6.88,Bortuzzo,0,0,0,1,4,5,0,8474145,D,20242025,R,4,Robert Bortuzzo,0,0.0,UTA,653.18
26,2.33,3.0,0,3.0,1,45,26,2.33,23,2.06,Gaudreau,0,1,3,0,19,23,0,8477919,C,20242025,R,28,Frederick Gaudreau,11,0.98,MIN,890.53
28,2.21,1.0,1,2.0,1,45,42,3.31,31,2.44,Couturier,0,0,0,1,23,26,1,8476461,C,20242025,L,34,Sean Couturier,13,1.02,PHI,1012.37
20,2.5,0.0,0,0.0,6,44,24,3.0,33,4.12,Gaudette,2,3,2,0,12,19,0,8478874,R,20242025,R,32,Adam Gaudette,4,0.5,OTT,654.15
52,2.86,1.0,2,3.0,1,47,41,2.25,43,2.36,Forsling,1,3,0,2,35,41,1,8478055,D,20242025,L,93,Gustav Forsling,21,1.15,FLA,1392.4
15,2.53,0.0,0,0.0,0,38,18,3.03,36,6.07,Schwindt,1,2,1,0,13,17,0,8481655,R,20242025,R,15,Cole Schwindt,6,1.01,VGK,561.42
28,2.34,0.0,0,0.0,2,45,34,2.84,71,5.94,Dach,0,3,5,0,20,28,0,8481523,C,20242025,R,24,Kirby Dach,7,0.58,MTL,955.55
81,4.28,2.0,0,2.0,0,44,73,3.86,23,1.21,Sergachev,1,4,1,3,46,56,2,8479410,D,20242025,L,78,Mikhail Sergachev,20,1.05,UTA,1544.95
31,2.78,1.0,0,1.0,2,44,39,3.5,21,1.88,Kerfoot,0,0,4,1,17,22,0,8477021,C,20242025,L,18,Alexander Kerfoot,17,1.52,UTA,909.47
34,2.64,0.0,0,0.0,3,46,50,3.89,64,4.98,Fantilli,0,1,3,2,32,38,0,8484166,C,20242025,L,57,Adam Fantilli,15,1.16,CBJ,1004.36
1,1.86, ,0, ,0,4,1,1.86,4,7.44,Toninato,0,0,0,0,1,1,0,8476952,C,20242025,L,0,Dominic Toninato,0,0.0,WPG,483.25
102,6.52,0.0,0,0.0,1,46,46,2.94,75,4.79,McNabb,0,0,0,1,23,24,0,8475188,D,20242025,L,56,Brayden McNabb,10,0.63,VGK,1223.56
42,2.32,9.0,3,12.0,1,47,75,4.14,24,1.32,MacKinnon,1,10,3,0,48,62,1,8477492,C,20242025,R,95,Nathan MacKinnon,16,0.88,COL,1386.36
18,2.31,1.0,0,1.0,0,40,28,3.6,15,1.93,Bäck,0,0,1,0,18,20,0,8480840,C,20242025,L,10,Oskar Bäck,8,1.03,DAL,698.47
67,6.03,0.0,0,0.0,0,43,46,4.14,127,11.43,Clifton,0,2,1,5,19,27,0,8477365,D,20242025,R,50,Connor Clifton,18,1.62,BUF,929.65
73,4.78,1.0,0,1.0,0,46,35,2.29,46,3.01,Dumoulin,0,1,2,1,20,24,0,8475208,D,20242025,L,31,Brian Dumoulin,17,1.11,ANA,1193.56
24,2.36,1.0,0,1.0,2,44,23,2.26,46,4.52,Heinen,1,0,2,1,15,19,0,8478046,L,20242025,L,31,Danton Heinen,9,0.88,VAN,831.04
13,1.21,1.0,0,1.0,3,44,23,2.14,43,4.01,Steel,0,0,2,0,18,20,0,8479351,C,20242025,L,28,Sam Steel,9,0.84,DAL,875.63
64,3.88,0.0,0,0.0,1,46,67,4.07,8,0.48,Burns,2,3,4,0,56,65,0,8470613,D,20242025,R,105,Brent Burns,25,1.51,CAR,1287.73
39,5.59,0.0,0,0.0,0,28,26,3.73,14,2.0,Brannstrom,1,0,0,0,15,16,0,8480073,D,20242025,L,32,Erik Brannstrom,6,0.86,VAN,896.14
10,3.6,0.0,0,0.0,0,16,2,0.72,24,8.65,Thomas,0,0,0,0,3,3,0,8480851,C,20242025,R,8,Akil Thomas,1,0.36,LAK,623.93
54,4.97,0.0,1,1.0,3,46,25,2.3,161,14.84,Olivier,0,1,0,0,19,20,0,8479671,R,20242025,R,25,Mathieu Olivier,16,1.47,CBJ,849.0
21,1.76,0.0,0,0.0,1,44,54,4.53,101,8.47,Tsyplakov,1,2,2,0,45,51,0,8484958,R,20242025,L,39,Maxim Tsyplakov,16,1.34,NYI,974.86
0,0.0, ,0, ,0,2,0,0.0,3,8.85,Barré-Boulet,0,0,0,0,0,0,0,8479718,C,20242025,L,1,Alex Barré-Boulet,1,2.95,MTL,609.5
47,2.92,0.0,1,1.0,1,41,45,2.79,75,4.66,Letang,1,1,2,1,32,37,0,8471724,D,20242025,R,61,Kris Letang,21,1.3,PIT,1411.29
72,3.8,2.0,0,2.0,1,47,43,2.27,29,1.53,Morrissey,0,2,2,1,44,49,0,8477504,D,20242025,L,91,Josh Morrissey,20,1.05,WPG,1450.48
7,3.5,0.0,0,0.0,0,11,11,5.5,23,11.5,McIlrath,0,0,0,0,2,2,0,8475795,D,20242025,R,10,Dylan McIlrath,3,1.5,WSH,654.45
35,2.67,1.0,0,1.0,1,46,36,2.74,75,5.72,Lundell,1,4,5,0,31,42,0,8482113,C,20242025,L,44,Anton Lundell,18,1.37,FLA,1024.58
15,3.25,0.0,0,0.0,0,32,11,2.38,97,21.05,Johnston,0,0,0,1,8,9,0,8477527,L,20242025,L,9,Ross Johnston,3,0.65,ANA,518.25
5,1.47,0.0,0,0.0,1,16,12,3.54,6,1.77,Poitras,0,0,1,0,10,11,0,8483505,C,20242025,R,13,Matthew Poitras,7,2.07,BOS,760.75
56,3.31,1.0,0,1.0,1,47,50,2.96,81,4.8,DeMelo,0,0,0,1,21,22,0,8476331,D,20242025,R,32,Dylan DeMelo,20,1.18,WPG,1292.0
22,2.67,0.0,0,0.0,0,32,24,2.91,8,0.97,Bean,2,0,2,2,18,24,0,8479402,D,20242025,L,26,Jake Bean,13,1.58,CGY,924.96
6,0.55,1.0,1,2.0,2,44,15,1.38,81,7.5,Donato,0,5,3,1,30,39,0,8477987,C,20242025,L,45,Ryan Donato,15,1.38,CHI,883.4
14,1.04,0.0,0,0.0,4,45,32,2.38,63,4.69,Lafrenière,0,2,3,2,48,55,0,8482109,L,20242025,L,38,Alexis Lafrenière,15,1.11,NYR,1074.31
28,2.49,0.0,0,0.0,2,45,39,3.47,23,2.04,Hall,1,2,0,1,24,28,0,8475791,L,20242025,L,57,Taylor Hall,24,2.13,CHI,899.13
3,5.11, ,0, ,0,3,2,3.4,8,13.62,Petrovic,0,0,0,0,3,3,0,8475755,D,20242025,R,4,Alexander Petrovic,0,0.0,DAL,704.33
3,3.51, ,0, ,0,5,2,2.34,2,2.34,Lycksell,0,0,0,0,4,4,0,8480245,R,20242025,L,3,Olle Lycksell,1,1.17,PHI,614.8
10,9.06, ,0, ,1,7,6,5.43,5,4.53,Kozak,0,0,0,0,5,5,0,8482896,C,20242025,L,5,Tyson Kozak,1,0.9,BUF,567.57
1,1.33, ,0, ,0,4,1,1.33,8,10.7,Jones,0,0,0,0,0,0,0,8479368,L,20242025,L,2,Max Jones,0,0.0,BOS,672.75
25,1.65,2.0,3,5.0,2,48,30,1.99,53,3.51,Bratt,1,7,2,3,50,64,0,8479407,L,20242025,L,56,Jesper Bratt,6,0.39,NJD,1129.75
27,2.61,1.0,0,1.0,1,44,32,3.1,90,8.73,Crouse,3,4,1,1,26,35,0,8478474,L,20242025,L,27,Lawson Crouse,10,0.97,UTA,843.43
4,4.26, ,0, ,0,10,4,4.26,29,30.91,Pezzetta,0,1,0,0,3,4,0,8479543,L,20242025,L,3,Michael Pezzetta,1,1.06,MTL,337.7
9,2.5,0.0,0,0.0,0,19,13,3.62,27,7.52,Berard,0,1,0,0,6,7,0,8482132,L,20242025,L,20,Brett Berard,4,1.11,NYR,679.84
64,3.56,3.0,0,3.0,1,46,57,3.17,11,0.61,Provorov,0,2,1,4,24,31,0,8478500,D,20242025,L,72,Ivan Provorov,18,1.0,CBJ,1405.06
25,4.57,0.0,0,0.0,1,25,9,1.64,21,3.84,Bernard-Docker,0,1,0,0,13,14,0,8480879,D,20242025,R,23,Jacob Bernard-Docker,1,0.18,OTT,786.36
13,3.64,0.0,0,0.0,0,16,14,3.92,19,5.32,Smith,0,1,1,0,5,7,0,8474090,D,20242025,L,15,Brendan Smith,5,1.4,DAL,802.56
1,1.81, ,0, ,0,4,1,1.81,9,16.35,Bowers,0,0,0,0,0,0,0,8480032,C,20242025,L,0,Shane Bowers,1,1.81,NJD,495.25
0,0.0, ,0, ,0,2,0,0.0,1,3.98,Asplund,0,0,0,0,1,1,0,8479335,C,20242025,L,0,Rasmus Asplund,1,3.98,FLA,451.5
6,0.68,1.0,4,5.0,3,30,19,2.17,56,6.39,Ovechkin,2,3,1,5,30,41,1,8471214,L,20242025,R,69,Alex Ovechkin,9,1.02,WSH,1050.33
67,4.0,0.0,0,0.0,1,47,58,3.46,18,1.07,Rielly,1,1,1,0,35,38,1,8476853,D,20242025,L,62,Morgan Rielly,9,0.53,TOR,1281.27
15,4.81,0.0,0,0.0,0,24,11,3.53,68,21.82,Martin,0,0,0,0,11,11,0,8474709,L,20242025,L,1,Matt Martin,1,0.32,NYI,467.29
25,1.98,0.0,1,1.0,0,45,25,1.98,126,10.0,Foligno,0,0,3,1,20,24,0,8473422,L,20242025,L,22,Nick Foligno,10,0.79,CHI,1007.84
20,1.56,0.0,2,2.0,5,39,21,1.64,10,0.78,Point,1,4,7,0,23,35,2,8478010,C,20242025,R,45,Brayden Point,9,0.7,TBL,1181.48
27,5.25,0.0,0,0.0,0,20,18,3.5,7,1.36,Shea,0,0,0,0,11,11,0,8478854,D,20242025,L,15,Ryan Shea,6,1.16,PIT,924.65
0,0.0, ,0, ,0,1,0,0.0,1,5.41,Clurman,0,0,0,0,0,0,0,8479594,D,20242025,R,0,Nathan Clurman,0,0.0,PIT,665.0
52,4.77,0.0,0,0.0,0,45,42,3.85,100,9.18,Pachal,0,0,1,0,28,29,0,8481167,D,20242025,R,61,Brayden Pachal,13,1.19,CGY,871.08
19,3.37,0.0,0,0.0,0,26,29,5.14,21,3.72,Kessel,0,0,0,0,13,13,0,8482516,D,20242025,R,24,Matthew Kessel,4,0.71,STL,779.76
40,2.85,0.0,2,2.0,6,45,54,3.86,30,2.14,Huberdeau,1,3,3,0,15,22,1,8476456,C,20242025,L,34,Jonathan Huberdeau,13,0.92,CGY,1119.0
22,1.59,5.0,1,6.0,3,45,24,1.73,106,7.67,Knies,0,1,0,1,34,36,0,8482720,L,20242025,L,28,Matthew Knies,7,0.5,TOR,1105.08
49,4.6,0.0,0,0.0,2,35,37,3.47,40,3.75,Liljegren,0,6,1,0,14,21,0,8480043,D,20242025,R,49,Timothy Liljegren,5,0.46,TOR,1094.62
1,0.94,0.0,0,0.0,0,10,1,0.94,23,21.62,Rempe,0,0,0,0,1,1,0,8482460,C,20242025,R,2,Matt Rempe,2,1.88,NYR,382.9
36,3.42,0.0,2,2.0,1,44,28,2.66,30,2.85,Stenlund,2,1,0,1,20,24,0,8478831,C,20242025,R,23,Kevin Stenlund,11,1.04,UTA,860.45
13,1.17,0.0,1,1.0,0,38,26,2.35,5,0.45,Sharangovich,3,1,5,1,40,50,0,8481068,C,20242025,L,53,Yegor Sharangovich,9,0.81,CGY,1047.39
56,3.98,1.0,0,1.0,0,39,49,3.48,65,4.62,Miller,1,3,3,0,22,29,0,8480817,D,20242025,L,49,K'Andre Miller,33,2.34,NYR,1298.61
27,3.9,0.0,0,0.0,0,45,16,2.31,82,11.86,Edstrom,0,0,0,0,16,16,0,8481726,C,20242025,L,13,Adam Edstrom,6,0.86,NYR,552.66
125,8.25,3.0,0,3.0,0,46,46,3.03,9,0.59,Tanev,0,1,1,0,15,17,0,8475690,D,20242025,R,38,Chris Tanev,9,0.59,TOR,1184.52
24,2.28,1.0,1,2.0,0,45,31,2.95,154,14.66,Foligno,0,0,2,0,21,23,0,8475220,L,20242025,L,11,Marcus Foligno,11,1.04,MIN,840.2
67,4.66,1.0,0,1.0,0,48,39,2.71,116,8.07,Dillon,1,1,1,0,29,32,0,8475455,D,20242025,L,42,Brenden Dillon,3,0.2,NJD,1076.79
106,9.29,0.0,0,0.0,1,42,35,3.06,47,4.12,Seeler,1,0,2,0,26,29,0,8476372,D,20242025,L,49,Nick Seeler,10,0.87,PHI,977.59
7,3.36, ,0, ,0,15,0,0.0,13,6.25,Gustafsson,1,1,0,0,3,5,0,8481019,C,20242025,L,6,David Gustafsson,0,0.0,WPG,498.86
29,2.65,0.0,1,1.0,2,37,17,1.55,34,3.11,Pinto,0,1,3,0,29,33,0,8481596,C,20242025,R,39,Shane Pinto,17,1.55,OTT,1062.45
7,1.84,0.0,0,0.0,0,29,7,1.84,91,23.98,Reaves,0,0,0,3,4,7,0,8471817,R,20242025,R,5,Ryan Reaves,4,1.05,TOR,471.0
1,1.23, ,0, ,0,8,3,3.69,16,19.7,Stienburg,0,0,0,0,2,2,0,8481737,C,20242025,R,2,Matt Stienburg,0,0.0,COL,365.37
15,1.8,0.0,0,0.0,1,44,22,2.64,17,2.04,Perry,1,3,2,1,22,29,0,8470621,R,20242025,R,25,Corey Perry,8,0.96,EDM,679.68
8,0.94,1.0,1,2.0,1,33,36,4.23,44,5.17,Marchment,0,2,3,2,30,37,0,8478975,L,20242025,L,31,Mason Marchment,12,1.41,DAL,928.0
21,1.49,0.0,0,0.0,0,47,49,3.49,17,1.21,Mittelstadt,0,1,2,3,20,26,0,8479999,C,20242025,L,24,Casey Mittelstadt,10,0.71,COL,1074.25
13,0.87,0.0,1,1.0,0,47,32,2.14,28,1.87,Zacha,2,2,2,2,29,37,2,8478401,C,20242025,L,32,Pavel Zacha,15,1.0,BOS,1141.72
33,3.25,2.0,0,2.0,1,47,19,1.87,25,2.46,Iafallo,0,0,3,0,20,23,0,8480113,L,20242025,L,17,Alex Iafallo,20,1.97,WPG,775.97
53,4.25,4.0,0,4.0,0,41,17,1.36,92,7.37,Cernak,0,1,1,1,21,24,0,8478416,D,20242025,R,44,Erik Cernak,9,0.72,TBL,1094.63
69,4.11,0.0,0,0.0,1,44,59,3.51,35,2.08,Chabot,1,4,2,0,35,42,0,8478469,D,20242025,L,113,Thomas Chabot,21,1.25,OTT,1372.86
25,2.19,0.0,2,2.0,2,47,34,2.98,105,9.22,Laughton,2,3,3,0,31,39,0,8476872,C,20242025,L,25,Scott Laughton,12,1.05,PHI,871.82
35,2.77,0.0,0,0.0,2,46,32,2.54,109,8.65,Neighbours,1,2,0,0,23,26,1,8482089,L,20242025,L,19,Jake Neighbours,7,0.55,STL,985.43
20,1.44,1.0,1,2.0,1,45,19,1.37,30,2.16,Palmieri,0,6,4,0,43,54,0,8475151,C,20242025,R,51,Kyle Palmieri,13,0.93,NYI,1107.64
5,1.96,0.0,0,0.0,0,13,1,0.39,41,16.15,Di Giuseppe,0,1,0,0,1,2,0,8476858,L,20242025,L,7,Phillip Di Giuseppe,1,0.39,VAN,703.0
32,3.86,0.0,1,1.0,0,47,15,1.81,124,14.96,Lorentz,0,2,0,2,20,24,0,8478904,C,20242025,L,19,Steven Lorentz,10,1.2,TOR,634.61
18,1.59,0.0,0,0.0,2,45,20,1.76,43,3.8,Newhook,1,2,6,1,31,41,0,8481618,C,20242025,L,30,Alex Newhook,9,0.79,MTL,904.95
29,2.76,1.0,1,2.0,1,43,19,1.81,52,4.96,Namestnikov,0,4,2,0,13,21,0,8476480,C,20242025,L,16,Vladislav Namestnikov,9,0.85,WPG,877.6
0,0.0, ,0, ,0,1,0,0.0,2,15.58,Gauthier,0,0,0,0,0,0,0,8479328,R,20242025,R,0,Julien Gauthier,0,0.0,NYI,462.0
103,5.49,1.0,0,1.0,0,45,53,2.82,120,6.39,Seider,2,2,8,2,34,48,0,8481542,D,20242025,R,53,Moritz Seider,17,0.9,DET,1500.02
29,3.54,0.0,0,0.0,0,35,33,4.03,46,5.62,Miller,0,2,1,0,20,23,0,8476525,D,20242025,R,38,Colin Miller,4,0.48,WPG,841.22
74,4.28,1.0,0,1.0,0,47,53,3.07,73,4.23,Pionk,1,1,2,1,58,63,0,8480145,D,20242025,R,59,Neal Pionk,20,1.15,WPG,1321.59
6,3.26, ,0, ,0,12,6,3.26,23,12.5,McLaughlin,1,1,0,0,3,5,0,8483397,C,20242025,R,5,Marc McLaughlin,2,1.08,BOS,551.75
28,2.5,0.0,2,2.0,1,44,39,3.48,47,4.19,Farabee,0,1,0,1,27,29,0,8480797,L,20242025,L,27,Joel Farabee,14,1.25,PHI,915.88
19,2.1,1.0,1,2.0,0,40,25,2.76,120,13.28,Trenin,0,0,3,1,23,27,0,8478508,C,20242025,L,21,Yakov Trenin,7,0.77,MIN,813.2
25,1.73,2.0,2,4.0,2,46,59,4.1,34,2.36,Marchenko,1,1,3,4,43,54,0,8480893,R,20242025,R,81,Kirill Marchenko,23,1.59,CBJ,1125.58
23,2.1,0.0,1,1.0,1,40,23,2.1,40,3.66,McTavish,2,2,2,2,29,37,0,8482745,C,20242025,L,33,Mason McTavish,6,0.54,ANA,983.0
6,3.69,0.0,0,0.0,0,8,5,3.08,2,1.23,Kylington,0,0,0,0,3,3,0,8478430,D,20242025,L,11,Oliver Kylington,0,0.0,COL,730.0
20,1.97,0.0,2,2.0,0,34,30,2.96,77,7.61,Miller,3,1,1,2,30,37,1,8476468,C,20242025,L,25,J.T. Miller,11,1.08,VAN,1071.11
1,1.34, ,0, ,0,5,1,1.34,5,6.71,Blümel,0,0,1,0,0,1,0,8481712,R,20242025,L,3,Matj Blümel,1,1.34,DAL,535.8
59,3.35,2.0,0,2.0,0,43,46,2.61,22,1.25,Toews,0,3,0,1,32,36,2,8478038,D,20242025,L,69,Devon Toews,14,0.79,COL,1470.2
38,3.95,0.0,0,0.0,0,38,19,1.97,52,5.4,Allan,0,1,0,1,13,15,0,8482700,D,20242025,L,28,Nolan Allan,7,0.72,CHI,911.02
5,1.71,0.0,0,0.0,1,13,3,1.02,12,4.1,Doan,0,0,0,0,14,14,0,8482659,R,20242025,R,7,Josh Doan,4,1.36,UTA,809.69
18,2.36,0.0,0,0.0,2,41,17,2.23,101,13.26,Heineman,1,0,3,1,20,25,0,8482476,L,20242025,L,32,Emil Heineman,6,0.78,MTL,668.75
20,5.33,0.0,0,0.0,1,14,17,4.53,6,1.6,Thompson,0,0,1,0,7,8,0,8482144,D,20242025,R,22,Jack Thompson,3,0.8,SJS,963.42
58,3.64,0.0,0,0.0,0,43,59,3.7,18,1.13,Harley,2,2,2,0,34,40,1,8481581,D,20242025,L,70,Thomas Harley,13,0.81,DAL,1332.51
61,3.6,0.0,0,0.0,1,45,60,3.54,22,1.29,Hutson,1,4,4,1,34,45,0,8483457,D,20242025,L,72,Lane Hutson,24,1.41,MTL,1354.24
10,9.07, ,0, ,0,5,2,1.81,6,5.44,Alexeyev,0,0,0,0,2,2,0,8480823,D,20242025,L,2,Alexander Alexeyev,0,0.0,WSH,793.2
26,1.9,1.0,1,2.0,1,46,25,1.82,28,2.04,Schwartz,1,2,1,3,39,48,0,8475768,C,20242025,L,39,Jaden Schwartz,22,1.6,SEA,1069.78
11,3.36,0.0,0,0.0,0,19,8,2.44,13,3.97,Sasson,0,0,0,0,5,5,0,8484136,C,20242025,L,8,Max Sasson,5,1.53,VAN,618.94
11,1.45,0.0,1,1.0,1,39,17,2.25,136,18.01,Carrier,0,0,1,1,28,30,0,8477478,L,20242025,L,32,William Carrier,11,1.45,CAR,696.87
10,2.56,0.0,0,0.0,1,19,12,3.08,16,4.1,Pelletier,0,0,0,0,6,6,0,8481592,L,20242025,L,11,Jakob Pelletier,6,1.54,CGY,738.05
25,2.45,0.0,0,0.0,0,45,31,3.04,12,1.18,Brown,1,4,2,0,20,27,0,8477015,R,20242025,R,26,Connor Brown,19,1.86,EDM,813.26
5,0.9,0.0,0,0.0,1,30,15,2.7,25,4.5,Carcone,0,1,2,1,21,26,0,8479619,L,20242025,L,33,Michael Carcone,2,0.36,UTA,665.73
63,4.95,0.0,0,0.0,0,47,33,2.59,75,5.9,Borgen,0,0,1,5,23,29,0,8478840,D,20242025,R,51,Will Borgen,10,0.78,SEA,973.48
8,1.63,0.0,0,0.0,0,32,24,4.9,99,20.25,Grundstrom,1,0,0,0,15,16,0,8479336,R,20242025,L,15,Carl Grundstrom,2,0.4,SJS,549.96
28,2.34,1.0,0,1.0,1,45,33,2.76,66,5.52,Benn,1,1,4,0,31,37,1,8473994,L,20242025,L,39,Jamie Benn,7,0.58,DAL,956.37
0,0.0, ,0, ,0,1,0,0.0,4,31.92,Morelli,0,0,0,0,0,0,0,8481462,L,20242025,L,1,Mason Morelli,0,0.0,VGK,451.0
21,1.98,0.0,1,1.0,3,45,32,3.02,31,2.93,Dadonov,3,1,1,1,29,36,0,8474149,R,20242025,L,23,Evgenii Dadonov,4,0.37,DAL,845.31
2,1.22,0.0,0,0.0,0,12,4,2.45,29,17.82,Reinhardt,0,0,0,0,3,3,0,8481133,L,20242025,L,3,Cole Reinhardt,0,0.0,OTT,488.08
57,6.45, ,0, ,0,32,37,4.18,89,10.07,Juulsen,0,0,2,0,8,10,0,8478454,D,20242025,R,32,Noah Juulsen,12,1.35,VAN,993.81
9,2.59,0.0,0,0.0,0,20,8,2.3,8,2.3,Brodzinski,2,1,1,1,4,9,0,8477380,C,20242025,R,9,Jonny Brodzinski,3,0.86,NYR,625.05
94,6.82,0.0,0,0.0,0,39,30,2.17,61,4.42,Guhle,1,2,4,2,24,33,0,8482087,D,20242025,L,43,Kaiden Guhle,12,0.87,MTL,1271.48
16,2.68,0.0,1,1.0,1,37,13,2.17,61,10.22,Rooney,1,0,1,1,11,14,0,8479291,C,20242025,L,16,Kevin Rooney,3,0.5,CGY,580.48
3,2.27, ,0, ,0,8,4,3.03,8,6.07,Ohgren,0,0,0,1,5,6,0,8483499,L,20242025,L,1,Liam Ohgren,2,1.51,MIN,592.87
1,0.97, ,0, ,0,7,1,0.97,13,12.73,Grebenkin,0,0,1,0,1,2,0,8483733,R,20242025,L,2,Nikita Grebenkin,1,0.97,TOR,524.85
1,2.17, ,0, ,0,3,1,2.17,1,2.17,Ponomarev,0,0,0,0,0,0,0,8482102,C,20242025,L,3,Vasily Ponomarev,1,2.17,PIT,552.0
9,0.6,2.0,4,6.0,3,45,48,3.21,21,1.4,Larkin,0,6,7,1,42,59,0,8477946,C,20242025,L,75,Dylan Larkin,18,1.2,DET,1193.35
37,2.72,0.0,0,0.0,2,47,24,1.76,70,5.14,Coyle,4,1,1,0,38,44,0,8475745,C,20242025,R,30,Charlie Coyle,32,2.35,BOS,1041.76
3,6.29, ,0, ,0,3,1,2.09,6,12.59,Johnson,0,0,0,0,0,0,0,8481147,C,20242025,R,2,Reese Johnson,0,0.0,MIN,571.66
7,1.05,0.0,0,0.0,1,34,23,3.45,44,6.6,Kapanen,1,2,0,1,12,17,0,8477953,R,20242025,R,14,Kasperi Kapanen,4,0.6,STL,705.52
37,3.18,0.0,0,0.0,1,39,48,4.13,13,1.11,Chisholm,0,0,0,0,17,17,0,8480990,D,20242025,L,38,Declan Chisholm,13,1.11,MIN,1072.05
3,2.6, ,0, ,0,6,5,4.33,8,6.93,Cardwell,0,0,0,0,2,3,0,8482206,R,20242025,R,3,Ethan Cardwell,1,0.86,SJS,691.83
12,1.53,0.0,0,0.0,0,35,28,3.58,4,0.51,Novak,0,3,1,2,14,20,0,8478438,C,20242025,L,22,Tommy Novak,8,1.02,NSH,802.68
2,14.28, ,0, ,0,1,0,0.0,2,14.28,Hardman,0,0,0,0,0,0,0,8482635,L,20242025,L,1,Mike Hardman,0,0.0,NJD,504.0
22,3.26,0.0,0,0.0,1,35,13,1.92,67,9.93,Gregor,0,4,2,1,30,37,0,8479393,L,20242025,L,27,Noah Gregor,5,0.74,OTT,693.85
17,3.39,0.0,0,0.0,0,24,13,2.59,26,5.19,Nieto,0,0,0,0,1,1,0,8476442,L,20242025,L,5,Matt Nieto,1,0.19,PIT,750.33
13,1.2,0.0,2,2.0,3,37,16,1.48,55,5.08,Kreider,2,2,1,0,32,37,0,8475184,L,20242025,L,23,Chris Kreider,5,0.46,NYR,1051.78
25,3.02,1.0,0,1.0,0,44,15,1.81,171,20.68,Kastelic,0,1,0,0,17,18,0,8480355,C,20242025,R,21,Mark Kastelic,11,1.33,BOS,676.36
77,4.33,2.0,0,2.0,1,45,64,3.6,86,4.84,McAvoy,2,4,1,0,29,36,0,8479325,D,20242025,R,58,Charlie McAvoy,22,1.23,BOS,1421.4
55,5.32,0.0,0,0.0,0,37,28,2.7,15,1.45,Zamula,1,0,0,0,9,10,0,8481178,D,20242025,L,34,Egor Zamula,9,0.87,PHI,1005.56
17,1.16,0.0,2,2.0,2,44,51,3.48,52,3.55,Horvat,1,6,2,2,54,65,2,8477500,C,20242025,L,47,Bo Horvat,9,0.61,NYI,1195.84
7,2.78, ,0, ,0,9,8,3.17,1,0.39,Korchinski,1,0,0,1,2,4,0,8483466,D,20242025,L,9,Kevin Korchinski,3,1.19,CHI,1006.44
29,3.79,0.0,1,1.0,0,35,15,1.96,14,1.83,Holmberg,1,0,2,0,15,19,0,8480995,R,20242025,L,24,Pontus Holmberg,4,0.52,TOR,785.88
7,1.59,0.0,0,0.0,1,17,21,4.78,7,1.59,Duclair,0,2,0,0,8,10,0,8477407,L,20242025,L,17,Anthony Duclair,2,0.45,NYI,929.17
92,5.03,0.0,0,0.0,2,46,52,2.84,38,2.08,Vlasic,1,1,3,0,23,28,0,8481568,D,20242025,L,34,Alex Vlasic,28,1.53,CHI,1428.73
1,1.32, ,0, ,0,4,0,0.0,2,2.64,Sheary,0,0,0,0,1,1,0,8477839,L,20242025,L,3,Conor Sheary,0,0.0,TBL,680.5
58,5.29,0.0,1,1.0,0,48,19,1.73,101,9.22,Acciari,0,1,3,0,17,22,0,8478569,C,20242025,R,17,Noel Acciari,11,1.0,PIT,821.39
17,2.59,0.0,0,0.0,3,40,15,2.29,49,7.49,Sturm,0,2,0,0,12,14,0,8481477,C,20242025,L,11,Nico Sturm,3,0.45,SJS,588.7
23,3.03,1.0,0,1.0,1,39,23,3.03,137,18.05,Walker,2,1,1,0,13,17,0,8477573,L,20242025,L,17,Nathan Walker,4,0.52,STL,700.46
7,5.03,0.0,0,0.0,0,7,1,0.71,4,2.87,Richard,0,0,1,0,3,4,0,8478409,C,20242025,L,1,Anthony Richard,3,2.15,PHI,714.85
17,1.77,1.0,0,1.0,0,39,36,3.76,12,1.25,Domi,2,0,3,0,23,28,0,8477503,C,20242025,L,31,Max Domi,11,1.14,TOR,882.97
35,4.32,0.0,0,0.0,1,44,9,1.11,62,7.66,Glendening,0,0,2,0,14,16,0,8476822,C,20242025,R,13,Luke Glendening,3,0.37,TBL,661.77
37,3.16,0.0,0,0.0,1,48,35,2.99,48,4.11,O'Connor,0,6,3,1,40,51,0,8482055,L,20242025,L,30,Drew O'Connor,22,1.88,PIT,875.85
0,0.0, ,0, ,0,1,0,0.0,0,0.0,Rosen,0,0,0,0,0,0,0,8482765,R,20242025,L,0,Isak Rosen,1,9.25,BUF,389.0
37,2.53,3.0,0,3.0,2,45,41,2.81,38,2.6,Suzuki,2,4,0,2,31,39,4,8480018,C,20242025,R,43,Nick Suzuki,18,1.23,MTL,1165.66
3,1.18,0.0,0,0.0,1,11,7,2.76,6,2.37,Lekkerimaki,0,0,0,0,7,8,0,8483476,R,20242025,R,9,Jonathan Lekkerimaki,1,0.39,VAN,827.36
16,1.53,4.0,2,6.0,2,32,37,3.54,24,2.3,Stone,0,1,4,0,18,24,0,8475913,R,20242025,R,16,Mark Stone,19,1.82,VGK,1173.09
53,3.51,0.0,0,0.0,3,48,45,2.98,77,5.11,Rakell,5,6,2,1,48,62,1,8476483,R,20242025,R,56,Rickard Rakell,9,0.59,PIT,1130.06
25,3.1,0.0,0,0.0,0,44,15,1.86,83,10.29,Girgensons,0,1,2,0,15,18,0,8476878,C,20242025,L,15,Zemgus Girgensons,6,0.74,TBL,659.79
18,1.74,0.0,1,1.0,2,45,32,3.09,47,4.54,Gallagher,0,3,2,3,32,42,0,8475848,R,20242025,R,44,Brendan Gallagher,8,0.77,MTL,826.57
12,5.11,0.0,0,0.0,0,16,6,2.55,28,11.93,Duehr,0,0,0,0,5,5,0,8482652,R,20242025,R,8,Walker Duehr,0,0.0,CGY,528.06
2,2.38, ,0, ,0,5,1,1.19,5,5.95,Highmore,0,1,1,0,4,6,0,8478146,C,20242025,L,2,Matthew Highmore,0,0.0,OTT,604.6
16,1.61,0.0,0,0.0,2,44,24,2.42,56,5.65,Brink,2,3,3,0,15,23,0,8481553,R,20242025,R,28,Bobby Brink,7,0.7,PHI,810.38
10,0.86,0.0,0,0.0,0,46,27,2.33,51,4.41,Bunting,1,1,3,1,42,48,0,8478047,L,20242025,L,46,Michael Bunting,9,0.77,PIT,903.76
28,5.11,0.0,0,0.0,0,21,13,2.37,35,6.39,Del Gaizo,0,2,0,0,9,11,0,8481743,D,20242025,L,26,Marc Del Gaizo,10,1.82,NSH,938.8
26,5.18,0.0,0,0.0,0,19,22,4.38,16,3.18,Hanley,0,0,0,0,16,16,0,8477810,D,20242025,L,16,Joel Hanley,1,0.19,CGY,950.68
4,2.31, ,0, ,0,8,9,5.2,7,4.05,Matinpalo,0,0,0,1,5,6,0,8484321,D,20242025,R,6,Nikolas Matinpalo,3,1.73,OTT,777.5
77,5.92,0.0,0,0.0,0,45,51,3.92,78,6.0,Schneider,2,5,0,1,19,27,0,8482073,D,20242025,R,46,Braden Schneider,9,0.69,NYR,1039.15
51,5.35,0.0,0,0.0,0,43,32,3.35,17,1.78,Poehling,0,2,0,0,13,15,0,8480068,C,20242025,L,21,Ryan Poehling,5,0.52,PHI,797.55
65,5.52,1.0,0,1.0,1,36,46,3.9,81,6.88,Roy,1,2,0,0,28,31,0,8478911,D,20242025,R,51,Matt Roy,5,0.42,WSH,1176.88
29,3.84,0.0,0,0.0,0,38,26,3.44,90,11.93,Dellandrea,0,1,2,1,13,17,0,8480848,C,20242025,R,18,Ty Dellandrea,6,0.79,SJS,714.15
49,3.14,1.0,0,1.0,0,47,48,3.08,83,5.33,Kulikov,1,1,2,1,21,26,0,8475179,D,20242025,L,44,Dmitry Kulikov,21,1.34,FLA,1192.14
18,1.23,1.0,3,4.0,2,47,48,3.28,49,3.35,Marchand,1,7,2,2,46,58,2,8473419,L,20242025,L,64,Brad Marchand,10,0.68,BOS,1119.63
14,1.41,0.0,2,2.0,3,38,34,3.42,24,2.41,Ehlers,0,3,3,0,38,44,1,8477940,L,20242025,L,44,Nikolaj Ehlers,8,0.8,WPG,940.63
2,1.91, ,0, ,0,7,1,0.95,2,1.91,Rondbjerg,0,1,0,0,1,2,0,8480007,R,20242025,L,0,Jonas Rondbjerg,1,0.95,VGK,537.28
5,3.14, ,0, ,0,18,6,3.76,30,18.84,MacDermid,0,0,0,0,5,5,0,8477073,L,20242025,L,2,Kurtis MacDermid,0,0.0,NJD,318.44
2,0.85, ,0, ,0,18,2,0.85,56,23.82,Gadjovich,1,0,0,0,7,8,0,8479981,L,20242025,L,9,Jonah Gadjovich,0,0.0,FLA,470.05
23,2.05,2.0,0,2.0,1,45,27,2.41,165,14.75,Cuylle,1,2,3,1,30,37,0,8482157,L,20242025,L,24,Will Cuylle,7,0.62,NYR,894.33
